track_id,danceability,energy,key,loudness,mode,speechiness,acousticness,instrumentalness,liveness,valence,tempo,duration_ms
3WUEs51GpcvlgU7lehLgLh,0.491,0.314,10,-8.58,1,0.0301,0.776,4.76e-06,0.152,0.295,126.921,318814
5UhpceEr5XmbVwyoIUIRnh,0.556,0.674,0,-5.563,1,0.0296,0.116,2.19e-06,0.226,0.399,146.433,261867
5f9808hpiCpuNyqqdXmpF2,0.631,0.381,7,-11.808,1,0.04,0.447,0.000171,0.0902,0.36,126.008,343446
2S80c51YXgJQhkhX603fMA,0.853,0.455,1,-9.589,1,0.0372,0.305,0.00329,0.125,0.522,118.32,267293
1yDiru08Q6omDOGkZMPnei,0.572,0.522,2,-9.095,1,0.0367,0.113,4.91e-05,0.114,0.498,74.05,217197
0FOYt3VRWweAWgN1relGqN,0.565,0.829,0,-2.88,1,0.0264,0.00211,0.0174,0.156,0.607,139.998,320573
24bmXekGRqVFRlPYdfzyJr,0.495,0.149,5,-8.379,1,0.0409,0.904,3.77e-05,0.109,0.179,120.322,244427
5Ro6MdZGgce4PEuaFCJYPq,0.559,0.614,4,-11.547,0,0.0768,0.415,0.0,0.139,0.662,124.907,269733
6wdCelHrPh7UfliNjwRTUv,0.447,0.16,6,-10.896,1,0.0372,0.913,0.0,0.0891,0.205,118.313,310709
0x2VgHoxUxKFbIUqQur8Fe,0.676,0.43,11,-10.563,1,0.0232,0.168,0.0299,0.109,0.23,104.982,280427
3OpGUlDmRUXh0NkIYWoIlD,0.636,0.159,11,-13.117,1,0.0549,0.892,0.0,0.112,0.658,119.766,168493
1fXHTDYsJiFOjVWITaFp1j,0.613,0.551,4,-8.79,1,0.0332,0.235,0.000672,0.175,0.432,114.11,326886
0dCDBADaqgcQ62LdyRsejn,0.484,0.233,0,-9.077,1,0.0356,0.761,0.000249,0.452,0.315,143.221,333623
1EJQZaE23L5ZK52nPycC16,0.446,0.5,0,-9.657,1,0.0362,0.00248,0.00397,0.118,0.263,179.752,260241
2RTR3zmXPKRgLM8TO0UfLI,0.485,0.503,0,-8.795,0,0.0372,0.343,0.000218,0.247,0.471,79.497,219493
4u8RkgV6P4TLi89SmlUtv8,0.705,0.401,6,-8.9,1,0.0376,0.176,8.66e-06,0.0735,0.481,140.031,349713
7gWKGNeHjIDUkNreiYYNdm,0.583,0.626,11,-7.485,0,0.153,0.465,4.16e-06,0.204,0.6,155.13,239000
5l9g7py8RCblcvbZgGQgSd,0.669,0.42,2,-8.464,1,0.0253,0.506,0.0,0.404,0.523,95.049,227370
3pO8AS9mXlI85OsHbJa4Jf,0.544,0.61,8,-8.383,1,0.0635,0.246,3.62e-06,0.0869,0.447,125.869,213674
1lLsX23uu48KNM1NnDZ50N,0.636,0.518,7,-9.165,1,0.0428,0.0698,1.11e-05,0.0882,0.702,74.192,274627
0MqkYdGBzHx7lnaFvo7doR,0.579,0.408,3,-11.299,1,0.0419,0.916,2.55e-05,0.117,0.465,126.106,186240
6F4Scj944RJCZPgcGuAqym,0.725,0.332,0,-9.124,1,0.0347,0.505,0.0,0.0888,0.46,106.157,275907
6JFzAzZsDY1r8Xx0ULCpfI,0.596,0.765,4,-6.79,1,0.259,0.713,1.09e-05,0.31,0.646,169.977,204814
1mAy2SZrv3fTqGpJCnkTwM,0.63,0.703,10,-6.913,1,0.263,0.367,2.29e-06,0.07,0.572,180.59,262478
1t7AA4xxqEseapeIJCiQ5l,0.547,0.431,10,-9.315,1,0.0507,0.835,0.000286,0.0905,0.379,71.911,259413
6gvahJrX8NhdnH81gZkOY3,0.399,0.193,10,-15.676,1,0.0429,0.649,0.0,0.0833,0.348,82.651,255250
36B2coUVkMCZ995TlS07Ok,0.64,0.754,5,-2.726,1,0.0299,0.103,0.0,0.118,0.468,114.003,189707
2Mo4pOpCYXOu33856sMQLh,0.558,0.458,4,-10.711,1,0.0485,0.7,2.11e-05,0.186,0.342,86.877,209783
1vzxlhQ3dujloZsqeO3Wei,0.531,0.253,9,-9.276,1,0.0927,0.702,2.33e-05,0.0843,0.199,75.602,287972
3nmRSlzR7xtAo95GjfIahZ,0.356,0.229,8,-11.985,1,0.0328,0.797,0.0,0.112,0.431,204.074,306067
58grXgbCj7t5ulr0TGLIr9,0.662,0.529,2,-8.539,1,0.0351,0.341,0.000208,0.105,0.424,127.584,243015
2BgD4nRyx9EZ5o8YEnjRSV,0.502,0.482,4,-4.736,1,0.0288,0.161,0.0,0.187,0.132,133.894,267759
4rG3h1QwgjSSWz8EIjCFrm,0.475,0.424,11,-8.39,1,0.0295,0.582,0.0,0.234,0.224,140.903,313952
2IMODbij0lZ5CuAjZi0IDE,0.635,0.376,9,-6.1,1,0.0457,0.0104,0.0,0.109,0.28,124.57,326000
2pGH2MRfqXyFJtVPVBZ7Gx,0.665,0.325,0,-7.658,1,0.0544,0.607,0.000429,0.105,0.253,79.496,342807
0luyrm1L6gjtoLekHOf67t,0.526,0.571,7,-7.091,1,0.0295,0.458,0.0,0.11,0.31,140.051,306204
2PO6blDCnOFWxudKu0XnmV,0.517,0.468,4,-6.582,1,0.0345,0.702,0.0,0.152,0.266,121.284,260599
65sEZZaxTjLMD8vNgPoMz5,0.604,0.446,9,-8.01,1,0.0341,0.63,0.0,0.0859,0.199,143.946,321817
4JSDhJVmo2UqdF7nxbyenn,0.5,0.339,7,-7.301,1,0.0263,0.71,0.00222,0.108,0.152,136.427,242800
07JZJ9YJRaiUAz9Bv8wgwH,0.356,0.339,5,-10.893,0,0.0369,0.508,3.28e-06,0.355,0.287,74.975,226728
0sNZsYY8LSCCM4tC2y0zR1,0.545,0.309,5,-10.235,1,0.0313,0.961,0.000733,0.189,0.232,123.767,216774
4R7Wwquqb9c5Nzco5Gy1Uo,0.548,0.36,11,-10.241,1,0.0561,0.771,0.00011,0.691,0.256,116.67,196923
4jq5J39hJ28RmDhNp1QkYk,0.634,0.624,2,-6.118,0,0.0299,0.168,0.0,0.38,0.724,78.022,289227
0SXASazFDcMabUee9uP9TL,0.407,0.467,2,-9.265,1,0.0266,0.0777,1.12e-06,0.389,0.416,164.64,238283
35yw6wTQcItHtyrbCAQV9L,0.713,0.258,3,-14.231,1,0.036,0.823,0.0111,0.0838,0.214,102.008,327059
2X5AFygz5SDYlXagyPw8kX,0.642,0.374,5,-10.606,1,0.032,0.423,1.54e-06,0.435,0.0979,129.863,221538
1NopgVCMVhCKIm64tF7auX,0.328,0.465,6,-9.81,1,0.0328,0.72,2.16e-06,0.175,0.344,148.912,278173
5RfpJJnfTXkIXRG4f1hudc,0.475,0.253,7,-11.481,1,0.0294,0.691,0.0,0.106,0.347,87.908,240187
7gZ3kWNtIxFgxjsm5OTVMB,0.537,0.561,4,-6.961,0,0.0297,0.423,1.64e-06,0.134,0.242,78.13,273200
1qeqGIFBg8GTb6etWGskIM,0.705,0.311,9,-7.708,1,0.0261,0.568,2.45e-06,0.0927,0.165,130.097,272640
5Hm2MJQ4ECvQmH5QWCMQrR,0.519,0.246,5,-13.85,1,0.0396,0.774,2.35e-06,0.0946,0.108,90.121,312320
0bkD3c7Z6JUkJ0yERbFLUN,0.355,0.179,8,-12.709,1,0.0373,0.905,0.00261,0.109,0.228,84.287,309589
2VU87QNhNLZUtn3kWCrY8s,0.486,0.425,4,-9.146,1,0.032,0.64,0.0,0.116,0.348,83.735,233044
5IBZ8aDaVVB7nvZvkZNtI0,0.385,0.16,0,-13.565,1,0.0357,0.98,0.000528,0.106,0.226,131.635,187928
34YfLWuoxLEcvJQNxdI9P2,0.644,0.315,6,-9.382,1,0.0339,0.706,0.00162,0.0962,0.356,60.001,297002
0gDzFm0j00WYab5fuFbHW8,0.613,0.291,5,-12.113,1,0.0453,0.696,0.0,0.0823,0.264,119.334,209000
0cMcFcm3YvB8o1yKkYNv0a,0.55,0.205,4,-11.732,1,0.0292,0.922,0.00773,0.0816,0.261,125.766,274291
3X9c4tBzSdGhlO4Fx3WYgW,0.386,0.657,7,-5.125,1,0.0316,0.292,1.05e-05,0.393,0.401,179.998,171527
0zANeX4R6uWb82gCQAguOD,0.62,0.668,9,-5.719,1,0.0305,0.088,0.0,0.362,0.183,118.013,244068
08MFgEQeVLF37EyZ7jcwLc,0.375,0.457,3,-7.018,1,0.0315,0.868,0.0145,0.191,0.415,174.839,254400
16iRlyUMJVPqz62DlomMre,0.513,0.38,11,-11.091,1,0.0336,0.12,0.0,0.0924,0.323,120.952,263500
3Eb5sztvEMa0Mqnb8DUAlU,0.676,0.565,10,-9.411,1,0.03,0.00321,0.000579,0.241,0.689,113.007,246396
7vWHppvllFJXdXf0xplZum,0.445,0.573,7,-7.309,1,0.0343,0.638,6.69e-06,0.114,0.503,175.985,238467
47sq83n5WN22ZzYnGn8aTy,0.635,0.451,7,-7.406,1,0.0391,0.742,0.0,0.139,0.601,81.976,201951
0HAG6nIiEKd75yGpovuSJQ,0.429,0.464,6,-8.445,0,0.0719,0.783,0.0,0.0846,0.375,121.17,269256
0EA8jl8Wje9ALRKC8Qlzyt,0.596,0.182,6,-16.004,1,0.0378,0.903,0.0,0.0909,0.268,111.734,280714
5CUQnKjA6nlteCnxMKsjIu,0.394,0.366,3,-10.855,1,0.031,0.799,1.05e-06,0.315,0.3,109.862,293727
3XlzKAS2zostN3UiBJvLW6,0.613,0.291,5,-12.113,1,0.0453,0.696,0.0,0.0823,0.264,119.334,209000
7oLe1cVRqLpoH2NozJ78mh,0.55,0.461,1,-10.907,1,0.0457,0.763,0.00485,0.0682,0.17,137.893,246304
3PgjBOoA5OytNGkglObpOd,0.311,0.342,2,-8.889,1,0.032,0.432,1.93e-06,0.114,0.274,177.158,288189
7gfrASeOt73YWvpIv1fU8E,0.656,0.336,9,-10.538,1,0.0434,0.453,0.0,0.106,0.182,125.058,245760
5u9O8r1jjEEOKXjgbLqYKG,0.645,0.376,2,-10.746,1,0.0268,0.689,0.0331,0.0837,0.247,80.044,237115
7h4W9blGxYCkKJ3dxPZ84j,0.565,0.565,9,-8.52,1,0.0368,0.494,0.00262,0.127,0.35,136.042,328303
3vGkyQlCw8LklNip0ZUELC,0.358,0.548,8,-5.998,1,0.027,0.36,0.0,0.173,0.518,163.434,291507
0wu1deoRFwktnfD6dTt9KE,0.477,0.398,4,-9.936,0,0.0382,0.154,0.000208,0.0783,0.326,139.444,252214
4IeuTj1pEHuL9vJSiEqEfR,0.458,0.533,0,-5.249,1,0.0381,0.447,0.0,0.114,0.343,149.832,248800
663vZfMh88Uo2bfTx6wiE4,0.676,0.259,6,-12.127,1,0.0598,0.801,2.36e-05,0.115,0.314,75.031,204693
0uZFcsx96wzbixsULmrg8o,0.71,0.61,2,-4.674,1,0.0351,0.415,2.67e-05,0.181,0.404,120.032,270250
3h8uWt8HNyDNubPSEBgTPG,0.738,0.39,8,-8.437,1,0.0334,0.409,0.0,0.107,0.547,113.979,178947
1cknB5OmLMuJFmdDzQpCIv,0.67,0.346,5,-7.092,1,0.0271,0.428,0.0,0.101,0.415,88.013,345156
5d9Rka4T0szdC1MobhtXrV,0.624,0.596,4,-9.288,1,0.0308,0.107,0.0,0.357,0.75,113.204,312234
6rIx9meOtOHDoo6ryRUdHv,0.463,0.592,4,-4.905,1,0.0294,0.021,1.48e-06,0.093,0.116,139.86,343018
47OFMuRu5lzJHRbtEXPBbs,0.635,0.724,5,-6.662,1,0.0716,0.28,3.83e-06,0.105,0.316,135.927,241186
3lCMZOGuHppxbkJN7yJCLk,0.517,0.515,1,-8.68,1,0.0286,0.593,0.0403,0.141,0.242,79.979,294880
4iRRAvxPPWXQp3mV1rAbPF,0.5,0.397,9,-11.653,1,0.0557,0.412,0.0,0.126,0.375,180.045,278008
0LoXmqWDjLVi6uHh25DtaP,0.651,0.417,9,-10.191,1,0.0265,0.494,0.000678,0.0856,0.359,108.001,235278
4mc3rUoMwwiNTHA4al9nNd,0.652,0.76,6,-4.098,0,0.0406,0.221,9.09e-05,0.147,0.615,98.079,201807
2rxLYcS2ui5Mq68Ku0O4Vo,0.518,0.223,6,-11.847,1,0.0457,0.84,0.000652,0.697,0.246,129.255,302658
27BjdZeYEDpUN6Ijdf7hJP,0.624,0.0457,9,-16.145,1,0.0389,0.957,0.0,0.109,0.2,110.274,238180
4R8DEiyiXgXrtSADIZ1kgN,0.885,0.301,3,-9.752,1,0.0643,0.59,1e-05,0.111,0.651,102.969,205771
1dcNEEtODRVZEevQ20Cgmy,0.62,0.547,1,-6.772,1,0.0248,0.112,0.0,0.19,0.208,98.032,210355
7jOqzJjLxMTg6yScO5nYDb,0.443,0.875,0,-5.264,1,0.101,0.208,0.00116,0.226,0.37,140.39,193583
17FlJCEmLjIEHIfdhP960V,0.669,0.234,7,-10.801,1,0.136,0.849,9.3e-05,0.19,0.595,208.318,177692
7hOIMt1MIleUUigFAr8mCk,0.719,0.28,10,-10.133,1,0.055,0.649,3.22e-06,0.0913,0.791,129.929,214273
1r3FjfLe48WoOaa3zjpWSn,0.572,0.228,4,-15.49,1,0.0673,0.773,0.683,0.112,0.215,74.758,222280
2bUuOJMH9U83ikPmsfuu0l,0.816,0.199,0,-10.726,1,0.0312,0.774,2.14e-05,0.124,0.461,105.032,199933
4O2OsvLmc6dQhuyiQpbZd6,0.557,0.383,11,-9.15,1,0.0285,0.244,0.0955,0.349,0.411,77.922,212747
2hUsVGl6Di0q3YLukUjZ18,0.623,0.426,1,-13.875,0,0.0507,0.509,0.00616,0.0719,0.344,96.895,216280
7iqnAYOqaP9OHxZuIou4GR,0.58,0.139,8,-18.56,1,0.032,0.915,0.00921,0.143,0.39,136.241,321667
0oug9t7drnkDuDpiDatvei,0.49,0.368,9,-9.631,1,0.0531,0.385,0.00152,0.109,0.619,98.896,227264
3pT7wGF5w6Jhgj7w08dCeQ,0.468,0.484,9,-5.778,1,0.0359,0.726,0.0674,0.136,0.526,152.67,264342
0yBycfuTYOoDrvfP5wY2Ux,0.655,0.385,1,-8.967,0,0.0355,0.398,0.00564,0.112,0.429,120.015,405739
0bhzB5PBUVqZSux5Y7t5ED,0.396,0.631,9,-5.039,1,0.0384,0.6,0.0,0.0947,0.282,114.965,306467
09WPbmLdcBhJPcJwEJc1Yv,0.731,0.332,3,-10.751,1,0.033,0.513,8.15e-06,0.115,0.364,118.042,194947
7sbCGaQ050jET6mQpcpimT,0.552,0.446,6,-9.8,1,0.0316,0.396,0.0,0.113,0.307,143.794,268693
2v6jmF6VQWS96x6tSg05IC,0.491,0.486,5,-6.588,1,0.0347,0.285,0.0,0.0976,0.262,82.411,206182
6q8Hzgy0AUALt14m5hUb1e,0.583,0.704,1,-10.02,1,0.0335,0.0463,0.000143,0.152,0.964,127.118,189680
4ESVeOSa7asoWhkAg6aTB2,0.434,0.352,8,-7.397,1,0.0424,0.825,2.66e-05,0.104,0.234,75.378,281297
5e2YxCroSZ6TdecwSPxRL3,0.582,0.653,0,-7.037,1,0.0276,0.00087,0.000118,0.106,0.451,117.971,279170
0BKZ6nfJM8pksG3NiZcxDS,0.636,0.84,4,-5.07,1,0.119,0.711,1.33e-05,0.104,0.517,87.056,264024
0BewsYUbEIKdJmdap9oI7V,0.664,0.141,9,-11.309,1,0.0385,0.97,1.88e-06,0.0806,0.202,124.019,237097
0mtkRIAOueeXqHpyahIbtJ,0.715,0.699,8,-6.815,0,0.0501,0.544,3.74e-05,0.0795,0.612,114.994,291070
5OYHEYxwbuXtfsQx0pj4go,0.653,0.348,10,-8.958,1,0.0302,0.59,2.91e-05,0.227,0.581,82.017,284973
0kDeE8TezXDY1QadpjAQQq,0.874,0.404,11,-11.168,1,0.0861,0.424,0.000101,0.0959,0.762,122.001,228689
2e7iqtA42EPXTtiiAlblC1,0.515,0.65,1,-7.798,0,0.093,0.168,0.0,0.33,0.695,157.866,229712
0sqnYgWOw9DMc6jRgkcB2m,0.482,0.174,6,-13.603,1,0.0609,0.875,0.0,0.147,0.347,107.724,218052
0R6lC6F082eap1AJd8W54d,0.601,0.381,4,-12.75,0,0.0531,0.864,0.00269,0.334,0.354,124.979,227299
6t4krDdBmRmcRH7mb8wPRL,0.608,0.695,10,-5.307,0,0.0333,0.038,0.0,0.0939,0.203,83.965,260000
1AuxZd50Dpaz0cCWphYryh,0.379,0.354,5,-12.412,0,0.037,0.194,6.46e-05,0.0552,0.126,129.299,332406
639Wg7NFfgbwjSwDphqgvz,0.433,0.642,9,-7.382,1,0.0478,0.61,5.46e-05,0.0861,0.349,203.724,287647
6Al0RruBBzC6ft8u1p78hG,0.333,0.569,11,-4.691,1,0.0241,0.581,0.0,0.124,0.472,93.222,339053
22UHq6BMRkUkhRJfZOENJr,0.646,0.672,5,-6.131,0,0.027,0.138,1.56e-05,0.196,0.689,108.036,218267
37w0Klo4bOTw6A0xzWFB5C,0.655,0.522,8,-6.47,1,0.0483,0.0616,0.000214,0.111,0.644,74.893,259587
1EyDyYmB9lrAaiLS1WcA4c,0.313,0.565,0,-8.292,1,0.0381,0.488,0.000211,0.106,0.106,114.329,273708
4whLOE7hwNIAykoMcSZmvO,0.376,0.13,11,-12.697,1,0.0321,0.943,2.43e-06,0.0894,0.256,100.983,344800
4SQ3HwsAiGTikY7gOAybwH,0.486,0.457,1,-7.376,1,0.0281,0.689,0.0,0.132,0.485,149.828,244654
08hFNg8Oz3lvaAms7qrIif,0.556,0.563,4,-6.591,1,0.032,0.511,0.0,0.119,0.238,134.259,291320
1l7TuyIge9siMw39a0dqXd,0.554,0.329,7,-10.678,1,0.0446,0.65,7.86e-05,0.0924,0.334,139.676,239480
6DfIMNXCy4ZJIfAjAlut9t,0.598,0.41,8,-6.712,1,0.0266,0.442,1.34e-05,0.102,0.277,136.089,223664
39SQ0CjIineoa2mbiJpZdk,0.672,0.271,6,-11.62,1,0.0397,0.741,0.0,0.06,0.623,113.067,219949
5KFFqtixyLrREHz3iiU9jw,0.588,0.49,4,-6.401,1,0.0344,0.304,0.025,0.072,0.331,75.155,286960
3LvrJEPQ61Vvj1t3Edg20X,0.471,0.557,9,-7.09,1,0.0338,0.124,0.000168,0.101,0.345,173.972,262069
7lD4bwbBCqukPke3Xt1Ncs,0.426,0.337,0,-11.748,1,0.0286,0.556,2.51e-05,0.079,0.178,127.726,262608
61DuXKQqvXkxcrAIiNLIgR,0.596,0.785,4,-4.282,0,0.0363,0.186,0.0,0.165,0.695,120.022,206500
1ax06geCh4xRi4dGBs5p9D,0.566,0.173,4,-11.811,1,0.0291,0.899,0.0,0.287,0.288,109.774,199636
5BxtHRTyatV1gCBumnHSN2,0.67,0.179,6,-13.776,1,0.0408,0.753,0.0,0.109,0.241,121.105,286000
49Jtz38lJ7OuVVvln5EdZB,0.334,0.416,2,-7.437,1,0.0319,0.567,0.0026,0.124,0.191,84.979,304068
06P7DXhDqVcS3JsOBbv4vk,0.415,0.361,0,-10.647,1,0.0466,0.418,4.41e-06,0.491,0.235,89.856,306667
4X1LB3GYXod4xSJ1zjHQrd,0.624,0.708,0,-6.974,1,0.0313,0.495,0.00027,0.169,0.79,136.085,156613
6uDYCYObYXJXoMnCzz8083,0.645,0.723,5,-2.714,1,0.027,0.103,0.0,0.113,0.588,114.025,188040
69u8qQcaA3o0A7Ko87juqp,0.555,0.674,0,-5.523,1,0.0314,0.116,1.54e-06,0.256,0.395,146.381,261867
0GOlgSkBlLWOtXBNhickp5,0.637,0.56,9,-10.407,1,0.0281,0.34,0.000199,0.0928,0.869,115.003,225089
6sh323D4gyLV9k4DyeRk6n,0.501,0.5,10,-8.027,1,0.0273,0.702,0.00555,0.187,0.309,152.438,248733
734NcRJGGPAz2bDibBY4rD,0.357,0.537,11,-8.07,0,0.0329,0.74,0.0135,0.23,0.272,36.677,175987
0ZLBTH1S25saZvzsQGikVl,0.527,0.584,4,-7.105,1,0.0255,0.279,0.0144,0.102,0.195,84.055,237381
2K0CH6BtfBtY7wMnsKIuzo,0.48,0.538,8,-8.297,1,0.0398,0.596,0.000229,0.206,0.392,207.924,246346
1K0rybxoxW5svDYwXezXyN,0.444,0.264,0,-10.874,1,0.0316,0.616,0.0107,0.0856,0.4,199.685,234052
0SuQMjb2TleiKg1ebQSDnX,0.48,0.571,7,-7.818,1,0.042,0.526,0.000213,0.232,0.257,146.051,284812
0dJPIIlTmVM0lambbFgAYq,0.471,0.647,0,-3.549,1,0.0347,0.00753,0.0,0.111,0.15,138.998,303880
59bwRfN5gprboZBISPo42V,0.637,0.595,5,-7.378,1,0.0321,0.175,0.0,0.0653,0.634,113.682,212573
61sJQh19AcTBrX7P8LWLi0,0.549,0.437,7,-8.64,1,0.0313,0.683,1.53e-05,0.224,0.688,153.592,273067
1wb4P4F0sxAQ2KXrRvsx6n,0.585,0.494,3,-8.751,1,0.0353,0.363,0.0,0.0886,0.634,133.822,212200
0wUSZjJVblGKntOqBSWMdo,0.229,0.697,6,-5.298,1,0.0304,0.0342,0.0,0.0749,0.292,152.236,300240
42CX3VhPsCG75BFp07r9Vj,0.453,0.221,2,-13.192,1,0.045,0.794,0.0,0.102,0.459,82.199,232533
6Rk2hVIgI9Fh6hvZT6n0ky,0.557,0.475,0,-7.115,1,0.0268,0.241,0.0,0.139,0.243,130.782,262080
3gyEt1vswIEbpQqBs18Lha,0.58,0.159,7,-22.087,1,0.0569,0.792,1.26e-06,0.108,0.424,151.419,182200
2lmcH6prYo3BlR8LfRUJc3,0.502,0.513,0,-6.473,1,0.0251,0.077,0.0,0.494,0.318,108.371,241373
0815caqt2Lytro5EIzMufT,0.459,0.427,7,-7.734,1,0.0267,0.114,0.0,0.168,0.354,139.902,195493
7Ewz6bJ97vUqk5HdkvguFQ,0.382,0.589,9,-7.315,0,0.0267,0.0465,0.0,0.122,0.335,140.059,243360
3NlLmKBJozwoi0k03Feb1N,0.747,0.692,1,-8.956,0,0.0474,0.202,3.39e-05,0.0698,0.904,118.698,199387
09bRmFRViBORKQ2miwp04P,0.434,0.507,5,-10.422,1,0.0358,0.565,0.0,0.161,0.236,115.309,237107
3k7SKhwbvE2lAisLx3jZWl,0.592,0.692,8,-6.534,1,0.0321,0.19,0.0313,0.0968,0.538,104.0,276030
0zdu3eVfd6iRip1pcTy7eO,0.29,0.292,2,-11.901,1,0.0297,0.679,0.0311,0.184,0.163,141.813,232840
3WLDRtRzbKDNZW5AZaAvk0,0.568,0.089,5,-12.941,1,0.0343,0.796,0.0,0.218,0.391,79.001,253360
55RMhrPQYA6vLu5YMgXxFD,0.642,0.374,5,-10.606,1,0.032,0.423,1.54e-06,0.435,0.0979,129.863,221538
2v5VIWMjZxeiG52KckiXxS,0.394,0.623,9,-5.029,1,0.0384,0.573,0.0,0.0937,0.316,115.003,306467
4FqZpYMyvSVVe7LxILMLyH,0.575,0.0368,5,-23.009,1,0.0399,0.947,2.03e-05,0.101,0.475,58.324,75656
0Q9jC6LNRtrgBRYeq7h4pS,0.479,0.39,4,-9.955,1,0.0277,0.792,0.0,0.099,0.153,82.885,280294
2E9xsudYVeGHnfrYqHFFaQ,0.292,0.397,7,-9.161,1,0.0346,0.755,0.0,0.28,0.187,86.491,259067
3ueq4reab02CypseErxvwS,0.428,0.346,5,-7.092,1,0.0324,0.428,0.0,0.101,0.4,87.185,345156
761frfZtZ8I2g70UsjFfBK,0.474,0.522,11,-7.513,1,0.0408,0.36,0.0,0.123,0.448,157.225,233728
17tcPIrHqmEbyBJOFHFozK,0.673,0.365,2,-15.372,1,0.0451,0.584,0.0,0.12,0.297,135.447,165400
54RYErRBNUQ32jvtwVYFwM,0.461,0.301,0,-9.882,1,0.0253,0.717,0.0,0.11,0.188,77.924,265867
1C3wg8sCIPqpNQx0wAL4DC,0.485,0.29,1,-8.444,1,0.0321,0.817,0.0,0.111,0.333,134.168,207787
2mKDNKSgMZbzqe0bonMC4W,0.457,0.488,9,-7.727,1,0.0302,0.339,1.88e-05,0.156,0.493,157.943,246238
4FdQYoWFym37QDQ2GkEHi1,0.541,0.435,6,-7.404,1,0.0242,0.314,3.28e-06,0.114,0.242,95.023,252970
4sYpTI5RPkhX2OWfrmjNl3,0.506,0.533,7,-7.955,1,0.0628,0.695,0.0,0.0956,0.432,179.516,253013
6ZXCB6jR3kRtWPDHCKplZd,0.697,0.222,9,-12.803,1,0.0369,0.871,6.42e-06,0.0954,0.272,143.91,312063
4qo16c55htVlZLi0cWxoHN,0.574,0.456,1,-8.899,1,0.0266,0.4,0.0,0.128,0.409,77.954,212840
23YKjuTD2esIoc2ICqTLxZ,0.731,0.189,7,-10.918,1,0.0329,0.768,0.0,0.0884,0.379,78.1,263547
3l9OCOG3Vt6c2lxeMyGSIY,0.356,0.125,6,-13.8,1,0.03,0.909,0.000316,0.131,0.105,109.771,295358
1ycpU8beNm9bXKvy7s25Jl,0.768,0.312,7,-8.268,1,0.034,0.865,1.09e-05,0.0963,0.633,113.469,242827
6XmskR1cMfgys1W7dExmgi,0.523,0.534,6,-8.942,1,0.0296,0.479,3.01e-05,0.111,0.508,75.988,264413
135ggzbjOogZ75IQ0LQi8r,0.524,0.503,6,-11.79,1,0.0245,0.184,0.0,0.264,0.436,89.497,447333
1tJDzsQQoaZdBy5SPeyPsm,0.701,0.417,5,-8.943,1,0.0504,0.474,0.0,0.173,0.752,162.985,223013
5i1KGKG4g6EBkPEhsT49F7,0.677,0.133,6,-9.675,1,0.0323,0.868,0.0,0.122,0.223,96.993,224459
0pIcavpnI5CfkwyHztuBlb,0.783,0.302,0,-8.646,1,0.0447,0.77,0.0,0.104,0.697,111.878,309499
37LNThlFJaNmi9SeLrv8H6,0.654,0.469,1,-6.141,1,0.0308,0.627,0.0,0.119,0.698,144.117,226253
5W1v9jC51rDMKevEjqgKZ4,0.348,0.78,6,-6.425,1,0.0314,0.00032,0.00812,0.0959,0.301,137.619,270594
0GGfPhGuWC2JGc7hlvjLXa,0.331,0.749,6,-12.076,1,0.0674,0.0638,4.89e-05,0.108,0.291,147.92,263000
19qvp23a0iXjzS72nqOi8u,0.373,0.176,5,-11.251,1,0.0443,0.816,0.000298,0.143,0.147,77.434,352446
6N1cU1xqRBvlXyxg5sn5kp,0.714,0.325,0,-12.518,1,0.0279,0.24,0.0,0.0852,0.197,133.981,199494
3rWBerJZHd5IvS6o3dQEk7,0.595,0.507,0,-7.152,1,0.0363,0.27,0.0,0.0376,0.707,134.189,229587
0BcWTp4eJXr0z4917PmGQn,0.823,0.408,0,-8.564,1,0.0457,0.745,0.0,0.114,0.442,96.651,266013
3OnAwD7nI2Y6yx1lurFNzz,0.398,0.326,9,-12.327,1,0.0308,0.615,0.000568,0.106,0.338,173.52,276040
6lzIABwQGhMa3Xbspb098s,0.546,0.406,7,-6.578,1,0.0283,0.132,0.0,0.101,0.239,130.011,239307
2Lys7ZWbIbZUNeAvy8wAu2,0.461,0.402,3,-9.77,1,0.0252,0.688,2.01e-05,0.116,0.239,79.905,286987
5NUC4eoQRqhkrIu8AzSqdL,0.664,0.538,9,-11.359,1,0.0275,0.503,3.07e-06,0.107,0.562,109.027,272973
5sp2ZYNA1EwmC6CA3CGxiq,0.717,0.397,8,-8.614,1,0.0269,0.743,0.0,0.112,0.48,94.072,215851
6pCyRqhnf9kJnqxhJ1L9sl,0.498,0.0618,9,-20.215,1,0.0299,0.889,9.09e-05,0.109,0.172,96.818,231707
4mzP5mHkRvGxdhdGdAH7EJ,0.627,0.363,8,-8.127,1,0.0291,0.279,0.0,0.0928,0.301,99.905,244800
5meq0hLEyVqeq0ieTq3EUY,0.736,0.34,2,-8.477,1,0.032,0.565,0.000367,0.0911,0.354,131.882,203636
1cx2NcSnJYdr3kvHWmX7fF,0.683,0.284,0,-15.207,0,0.0314,0.333,0.0,0.0608,0.205,120.25,257360
0SNGe4xksgp7CGnY5kMXOJ,0.822,0.478,1,-8.746,1,0.0343,0.559,0.0073,0.0813,0.722,117.394,251573
0aW5JH6RnfTv5cGvPS3cca,0.371,0.509,5,-6.426,1,0.0302,0.123,0.000964,0.381,0.291,128.618,272627
6MfVSA5iKBPHzo6RGARjL0,0.583,0.316,7,-19.292,1,0.0315,0.425,5.67e-05,0.11,0.436,114.362,233867
3FDAd5vW4P7xe1GBNOLyfD,0.396,0.479,5,-8.072,1,0.0268,0.728,9.51e-06,0.102,0.184,109.973,259000
6gAhuDvn8Ef6P710UMze9W,0.565,0.412,7,-14.092,1,0.0242,0.298,6.91e-06,0.206,0.351,83.19,249067
28dAkHMn5LZI85O1UxIu6C,0.392,0.464,4,-8.647,1,0.039,0.753,0.0,0.286,0.239,149.902,238773
1CCGBDcSx58GfzAVYA5pAW,0.461,0.563,5,-6.128,1,0.0262,0.0147,2.21e-06,0.14,0.198,75.733,309147
6t3AWR3OsMKJGLc5ti1FoM,0.412,0.53,2,-6.912,1,0.0249,0.219,0.0,0.121,0.551,76.262,283000
3PP9n2LaJwOWB7l7FErmWt,0.542,0.312,8,-8.895,1,0.0269,0.787,1.79e-05,0.338,0.309,88.989,220707
5ylU2GruSTLu4R9iJMIYmb,0.425,0.644,10,-6.054,1,0.0577,0.446,0.0,0.115,0.714,186.427,179120
3jTKA7CKqIxlxa8vMO0wlj,0.616,0.235,5,-15.887,0,0.0276,0.356,0.0,0.136,0.626,105.016,243933
38mMrNPAJKXMBK2l9actEA,0.344,0.466,0,-8.453,1,0.0255,0.534,1.61e-05,0.569,0.132,137.974,230400
22NN4BS1AlqVbyKIWExgON,0.75,0.754,2,-6.999,1,0.0327,0.287,0.000207,0.444,0.83,137.533,215267
1rMfDvE2C8ne8UZj847rKM,0.508,0.825,9,-9.627,1,0.0451,0.175,0.00133,0.376,0.715,100.548,233440
3X7uFMzJrEE0sxn62qd8Ch,0.643,0.802,6,-4.92,1,0.0227,0.0299,0.0,0.0719,0.53,95.99,270333
4AULw1VRyJP17zMvwgTIUs,0.627,0.433,9,-9.868,1,0.0232,0.295,0.393,0.332,0.353,96.016,335625
1RGsWrMclCCgKFsQaj6X5D,0.639,0.724,5,-2.705,1,0.0278,0.104,0.0,0.127,0.523,114.035,188040
5ABJ0rNmVmLsyiPxOEwe9e,0.63,0.586,2,-8.581,1,0.04,0.004,0.0,0.0749,0.792,123.995,216387
0087fDVeNhuyMtST91RMjv,0.335,0.571,11,-4.711,1,0.0243,0.564,0.0,0.137,0.454,93.572,339053
0SzvXb3BAWgTHACbIXGNPa,0.525,0.908,11,-3.33,1,0.0413,0.0139,0.0,0.253,0.628,126.041,222680
2Hyctbbu32vH8L4kJfVi0O,0.728,0.334,3,-10.605,1,0.0332,0.462,7.81e-06,0.115,0.401,118.034,194947
7L8GQLm6e7cGoMMUAgWCVp,0.474,0.871,1,-4.013,0,0.0405,0.00125,0.0,0.202,0.545,137.102,295413
1OaKrd3kWUOrltf6hoTZjk,0.604,0.756,2,-4.85,1,0.0352,0.0176,0.0,0.106,0.308,120.436,284987
4N0XG7hGoVnUKI2kuRGN1u,0.432,0.563,2,-8.807,1,0.0309,0.0877,0.000355,0.294,0.397,136.172,280947
1lan3CApvveTezmBBGzsGu,0.415,0.718,11,-11.57,1,0.109,0.132,3.07e-06,0.263,0.555,110.346,248840
3BqsUeCJGuMijPts9ynOzy,0.576,0.697,2,-8.909,1,0.0477,0.0548,5.43e-05,0.073,0.734,104.841,358133
61jPZwzRkdQ0dZP3bDtyTX,0.315,0.667,10,-7.905,1,0.0359,0.755,0.0,0.119,0.362,77.602,283493
66LwDCA8wJpTNXXonCMplI,0.541,0.344,0,-13.718,1,0.0428,0.548,2.12e-05,0.421,0.405,117.165,194333
4laerjyB5dOSvTirYj1AQ6,0.36,0.44,9,-13.161,1,0.0311,0.445,0.000361,0.122,0.582,170.934,201000
6JYIB3AEh1VtcqVcDDLC7p,0.518,0.468,4,-6.582,1,0.0345,0.702,0.0,0.152,0.264,121.203,260599
53Vvr1kQkkwM0gbPSV3s4D,0.495,0.149,5,-8.379,1,0.0409,0.903,3.77e-05,0.109,0.179,120.348,244427
220IyLzKO1Y0Gxt4pTU5eZ,0.657,0.348,4,-12.091,1,0.0359,0.176,0.0,0.161,0.0644,120.015,289267
5j929KlzL6RcXeX2LD4dgl,0.404,0.726,11,-2.926,1,0.028,0.0501,0.0,0.214,0.408,168.878,220013
58lmkRQMpm7xNrFWgVx5yj,0.367,0.537,2,-8.07,1,0.0345,0.74,0.0136,0.23,0.281,66.045,175987
00mBzIWv5gHOYxwuEJXjOG,0.518,0.762,7,-3.907,1,0.0305,0.0851,0.0,0.148,0.271,155.985,285138
5nMKJJ5Rl6X1yn58aVeICO,0.5,0.728,9,-5.472,0,0.0313,0.0319,0.0,0.0782,0.351,134.877,270233
4Yp8lnGcIde2SWAqrMM3v9,0.699,0.655,7,-5.179,1,0.0412,0.419,0.0,0.449,0.919,128.644,183760
6L0Hy30YLzupOdrhZzdfo4,0.718,0.733,2,-6.078,1,0.0525,0.462,0.0,0.0854,0.958,120.076,191773
4mOjjXKDOR1sel6APULUaN,0.38,0.685,9,-6.322,1,0.0282,0.126,2.87e-06,0.171,0.357,163.884,249080
6mQzZ2aRnKSNgckAehBgwD,0.539,0.693,7,-3.967,1,0.0265,0.517,4.59e-06,0.112,0.472,84.954,364107
7sW3f7PqDV7BQ7qqeVBJIA,0.662,0.546,2,-5.868,1,0.0288,0.204,2.82e-06,0.12,0.196,115.053,267560
1ajqJZxNzUHmHf8sBkJBds,0.561,0.859,11,-5.79,1,0.0386,0.00737,0.000376,0.167,0.348,160.007,256121
5zMR44ZH4KVZj4FlhTj3SE,0.404,0.556,4,-8.329,1,0.0326,0.359,4.93e-06,0.0964,0.34,159.256,326813
3nQtkvFMNkRwxjKVAlGPcG,0.359,0.399,2,-8.174,1,0.0269,0.219,0.0,0.0738,0.311,88.235,264202
2OqQDFY4MgzkAoAZ67CscA,0.493,0.515,9,-6.551,1,0.0232,0.468,1.27e-05,0.0873,0.334,79.987,243653
2wM7hjeO69ca2EjJMRyx8q,0.636,0.518,7,-9.165,1,0.0428,0.0698,1.11e-05,0.0882,0.702,74.192,274627
3WgYEnpYw6n1o3JOuHPUxF,0.731,0.478,0,-7.779,1,0.0302,0.391,7.45e-06,0.166,0.606,80.974,280147
6FIEuf1JIzmCtach0gXpeG,0.685,0.322,6,-13.2,1,0.0369,0.162,0.0299,0.0809,0.508,155.977,222447
4EVnxUFwAUlgIRmzRotDSp,0.553,0.446,6,-9.799,1,0.0316,0.393,0.0,0.113,0.307,143.708,268693
2zF8ro2hX0aEYaqXQdEKW1,0.653,0.49,0,-10.106,1,0.0408,0.323,4.13e-06,0.0832,0.963,110.202,177773
4h9DsTf9n0cizUc0x3ljHP,0.726,0.185,11,-12.096,0,0.0343,0.768,0.0,0.094,0.45,124.136,141654
5Ts1DYOuouQLgzTaisxWYh,0.568,0.824,9,-4.613,1,0.0299,0.403,0.0,0.0855,0.753,108.625,174760
6Ea3eag9NDekfl130zFPtq,0.274,0.829,4,-5.138,1,0.224,0.259,3.99e-05,0.391,0.459,179.309,279547
2WfaOiMkCvy7F5fcp2zZ8L,0.573,0.902,6,-7.638,0,0.054,0.018,0.00125,0.0928,0.876,84.412,225280
0Ytxje4D5iXTHN3MOCC5jS,0.705,0.524,3,-14.051,1,0.026,0.236,1.3e-05,0.0767,0.798,129.847,232667
6OnfBiiSc9RGKiBKKtZXgQ,0.661,0.908,5,-4.897,1,0.039,0.052,0.0,0.0708,0.656,144.091,296080
1S4vILROGmgYIbk9hyPKLy,0.696,0.534,0,-16.453,1,0.032,0.0271,0.000105,0.274,0.732,101.498,219400
6ADSaE87h8Y3lccZlBJdXH,0.54,0.429,2,-11.822,1,0.0285,0.000202,0.355,0.141,0.113,110.171,295516
2w4EpqGasrz9qdTwocx54t,0.405,0.21,2,-13.214,1,0.0279,0.584,0.0,0.139,0.174,100.577,202173
1ko2lVN0vKGUl9zrU0qSlT,0.749,0.497,10,-12.609,0,0.105,0.41,0.0499,0.0504,0.585,95.818,438493
57ebBLITHpRgRKGrlbxMZS,0.202,0.644,11,-5.212,1,0.0324,0.0979,0.0,0.109,0.252,85.04,267080
4bHsxqR3GMrXTxEPLuK5ue,0.5,0.748,4,-9.072,1,0.0363,0.127,0.0,0.447,0.514,118.852,250987
5zA8vzDGqPl2AzZkEYQGKh,0.701,0.944,4,-2.986,1,0.0455,0.0755,0.0,0.601,0.792,128.993,197707
66rdGSb6FMm0neFXxmJdPQ,0.658,0.334,3,-14.648,0,0.0254,0.423,2.21e-05,0.127,0.647,90.173,267733
23x0iKY1oRBQVM8ka2s2bF,0.66,0.358,5,-11.184,0,0.0287,0.255,0.0,0.0999,0.625,166.904,250933
5ZeKZBB57EnctaXih6hJvE,0.623,0.38,11,-15.221,1,0.0309,0.0476,0.0,0.3,0.46,144.882,270227
7uBxi4jHZqgWAjqLEl1KcF,0.584,0.233,0,-18.404,1,0.027,0.0814,0.0,0.141,0.356,84.775,211827
3nqqDo8CcCLke3ZoTgiOKf,0.605,0.629,10,-5.051,1,0.0279,0.437,0.0,0.097,0.308,99.894,241373
285hMzLhJwHVLe9QT9qilk,0.63,0.696,10,-4.501,1,0.0242,0.144,0.0,0.0835,0.491,94.034,261427
6Qyc6fS4DsZjB2mRW9DsQs,0.315,0.715,11,-8.072,0,0.0362,0.00125,7.97e-06,0.0942,0.497,155.925,289533
4enEJGj42a9Nk9Gh7DNhWL,0.505,0.283,9,-8.37,1,0.0429,0.827,0.0,0.0732,0.316,123.964,312347
3w8Mw9GHYepoTWOSdiyosj,0.746,0.443,1,-7.693,0,0.0771,0.282,0.0,0.14,0.272,119.311,274227
0ARK753YaiJbpLUk7z5yIM,0.727,0.552,2,-8.074,0,0.14,0.227,0.000164,0.198,0.607,168.189,289160
2lgz3yy1AyoceOVOOBmiOS,0.548,0.554,9,-6.408,1,0.0587,0.283,0.0,0.0708,0.382,79.918,207507
754kgU5rWscRTfvlsuEwFp,0.526,0.749,3,-6.964,1,0.0283,0.023,1.76e-06,0.0692,0.421,99.982,208680
3cfnGXJ9bmiWvFqEO6ff8B,0.424,0.443,6,-13.45,1,0.0382,0.532,0.000389,0.673,0.391,131.675,278040
1WeoeHh0TSzsApyJ6Q8OOK,0.515,0.277,10,-17.85,1,0.0255,0.062,0.0,0.258,0.413,82.167,229880
4mxkQkZSX1BWgIYh5Q2Jt9,0.644,0.58,11,-6.819,1,0.0226,0.281,0.0,0.0652,0.591,96.475,219720
65VsHGLOqnCdJjk50vMCfX,0.557,0.16,2,-22.086,1,0.0411,0.847,5.87e-05,0.233,0.218,144.085,210067
36lkJSDyMEZoWTqtRj8Q8q,0.583,0.602,11,-6.364,1,0.0274,0.368,0.0,0.22,0.388,74.008,229240
4TIkesxpN5caX6XpsiirnH,0.599,0.442,3,-9.755,0,0.0239,0.667,0.0,0.143,0.415,96.213,255720
1eyq8cjUQ2daFthW2PC2GM,0.52,0.61,5,-7.935,1,0.0282,0.0805,2.95e-06,0.276,0.329,144.983,258333
2TQaMcc3BEAF5Srn7FCipl,0.606,0.532,7,-6.759,1,0.0256,0.403,0.000904,0.356,0.327,130.945,288493
0rKPoDE9Bm4OcZeyHrHZnV,0.622,0.49,0,-7.486,1,0.0342,0.688,0.0,0.103,0.324,143.863,269280
0fqP1OK8UuiVK4WdsYCeY3,0.443,0.337,9,-13.017,1,0.0259,0.229,2.71e-05,0.359,0.267,86.54,183827
5MAYZWb9ptYw0G3bqWf5lC,0.551,0.456,10,-9.652,1,0.0241,0.469,0.0,0.341,0.279,83.013,265387
4LFwNJWoj74Yd71fIr1W8x,0.395,0.252,0,-13.589,1,0.0301,0.8,0.0,0.101,0.126,177.679,264333
7wWw7hBmErNg9u5w6Xx0vy,0.629,0.356,4,-11.135,1,0.0246,0.66,0.000617,0.173,0.472,83.886,192200
3RMeOetCdXttthQK0clPuz,0.541,0.44,10,-12.206,1,0.031,0.191,0.0,0.114,0.232,140.273,255667
2GBYWH1FHy0MjKD0ep2t2Y,0.21,0.336,10,-9.28,1,0.0292,0.657,0.000129,0.134,0.212,186.773,265987
3549krhOebPMbTaSIroyGc,0.492,0.408,8,-9.775,1,0.0274,0.671,0.000152,0.131,0.171,117.668,268640
7AbWKUY1dlXKmyGTVu4qqT,0.563,0.324,11,-8.686,1,0.0278,0.599,0.0,0.135,0.232,140.326,250093
1fDmIkJoVxPge6hAxwJIM9,0.596,0.546,2,-6.251,1,0.0267,0.633,0.00381,0.0707,0.255,131.123,234280
75UoXjRBibZdgsBdXxSpd1,0.514,0.452,4,-7.274,1,0.0276,0.201,0.0,0.0548,0.213,117.992,260893
3QVF04HFQTAXWcVVB8YrCU,0.377,0.341,9,-14.158,1,0.0324,0.497,0.0,0.0993,0.391,156.112,209067
7nlDAJZuqDpNx7fRcN6Vgy,0.499,0.486,10,-7.429,1,0.0277,0.224,0.0,0.232,0.304,147.165,248000
4EcVaop8xvGsniLQTCnyyC,0.366,0.465,10,-9.39,1,0.0313,0.433,1.94e-06,0.128,0.269,118.955,315667
4By7qbekwaNdRiGwAHWRiH,0.585,0.299,0,-13.083,1,0.0323,0.819,3.74e-06,0.195,0.182,115.331,253520
1nHN3m6EzCzKAmDgwoLBMD,0.547,0.243,9,-16.039,1,0.0321,0.703,0.0,0.163,0.292,134.077,200640
6hgZBE0upBMJiyqpdM88JH,0.432,0.313,0,-10.095,1,0.0283,0.39,0.0,0.0948,0.108,108.33,235600
2yx6DUrIIGXSAwrvfBrTKQ,0.596,0.367,7,-13.87,1,0.0343,0.704,0.0,0.26,0.278,127.304,222053
7gh2v4IHnxdiwSgA6xluhe,0.563,0.593,8,-7.099,1,0.0322,0.192,1.85e-05,0.145,0.428,130.744,288653
3LUouz9YT9gvLmTPjc1gUh,0.258,0.295,7,-12.392,1,0.0357,0.621,0.0,0.108,0.148,174.408,218133
0vB4Vd6PtkJSEnWsmqATnZ,0.553,0.614,1,-5.098,1,0.0306,0.764,0.0,0.0811,0.345,136.628,242679
7tLtIZclwLWk54PFAyDv5T,0.462,0.385,2,-12.173,1,0.0291,0.635,0.0,0.0682,0.244,61.876,277600
34YDWNAnbMUmnun2KWLEMJ,0.392,0.286,2,-14.778,1,0.0301,0.677,0.0,0.343,0.315,131.13,212027
2q4CJqgmkZmnUlgcvjsWFo,0.649,0.359,8,-14.022,1,0.0325,0.596,0.0,0.072,0.44,111.81,262293
6PMDILZiYo4YzMBbE0dGK9,0.512,0.588,7,-8.591,1,0.0276,0.335,0.000806,0.0963,0.242,144.521,215147
6erX1jyOxcjUXnsEQp8aTU,0.576,0.404,6,-13.128,1,0.0323,0.649,0.0,0.0403,0.266,143.81,224373
3aphZHgE73kSPFKiPJRNpk,0.639,0.596,10,-8.145,0,0.0225,0.331,0.0,0.296,0.427,95.186,238933
6HMvJcdw6qLsyV1b5x29sa,0.424,0.222,9,-15.053,0,0.0391,0.646,0.0,0.148,0.0606,61.648,246933
5Pj5zrq2nbKcAekH1AxbrO,0.362,0.183,3,-16.0,0,0.0347,0.861,0.000234,0.0932,0.2,136.646,231867
76qB2ZEZlEJAMqMqUjKusp,0.52,0.363,1,-12.655,1,0.0286,0.0752,1.13e-05,0.0609,0.273,131.224,393640
5g3ZD7PmrEQlQZKDW91yGG,0.521,0.233,7,-13.683,1,0.0254,0.635,0.0,0.245,0.4,78.93,235667
6avxJ3kn6rkPE21X4fyg7q,0.457,0.41,8,-17.263,1,0.037,0.0158,2.96e-05,0.0714,0.535,81.016,236933
4qmHeQBYieqj3VMAPascsE,0.57,0.208,7,-15.661,1,0.0295,0.666,0.14,0.123,0.508,95.539,225027
7o9uu2GDtVDr9nsR7ZRN73,0.726,0.449,0,-9.206,1,0.0286,0.487,1.34e-06,0.0824,0.294,130.388,241333
29wJiSQcze8HEmxkUQykyp,0.455,0.487,7,-7.112,1,0.0264,0.114,2.43e-06,0.358,0.139,136.482,272133
2374M0fQpWi3dLnB54qaLX,0.671,0.373,9,-18.064,1,0.0323,0.257,8.01e-05,0.0481,0.732,92.718,295893
387BBXRpp5CiLmwHLiJjw8,0.348,0.315,2,-12.489,1,0.032,0.723,0.0,0.133,0.22,138.333,238560
48iBpOmxXi0h6rcq0jYVoP,0.64,0.439,10,-11.759,1,0.0286,0.495,0.0,0.19,0.454,94.302,176333
5o8gWPZxr4GZFslU85YMmu,0.582,0.381,3,-10.045,1,0.0256,0.595,1.1e-05,0.132,0.283,141.947,249493
6qWGRBzQMq6DXovBZMSE9d,0.521,0.263,1,-12.711,1,0.0264,0.836,2.62e-05,0.138,0.184,95.448,196267
1V1X4WvjJUomAk58FJPEeI,0.294,0.437,5,-6.358,1,0.0266,0.675,0.0,0.277,0.216,145.222,265480
6aBiU9lFd3BhtggI7aeqBI,0.444,0.351,0,-9.01,1,0.0287,0.0461,1.94e-06,0.119,0.0853,132.527,171640
2NLpJyhdn1WMgLZWgOTnLp,0.58,0.318,11,-12.699,1,0.0248,0.375,0.0,0.171,0.221,78.686,214373
4fafKRVKjFXguZIilT9JwK,0.72,0.344,9,-7.995,1,0.0337,0.191,8.33e-05,0.0937,0.65,79.946,259067
1ctgPprqWlp40a4K2wTfyF,0.463,0.507,9,-9.689,1,0.0271,0.315,0.0,0.119,0.233,143.951,273400
0IktbUcnAGrvD03AWnz3Q8,0.625,0.414,0,-8.7,1,0.0369,0.294,0.0,0.151,0.669,130.088,189613
4bmwSpkKu2HRWn1jlhOpdX,0.303,0.247,9,-11.689,1,0.0302,0.905,0.0,0.157,0.151,136.135,200773
5hj5mKPbazrXJE62rNtOps,0.584,0.507,9,-8.055,1,0.0243,0.0202,7.83e-06,0.146,0.253,142.019,231000
6mwA6YiKDjAUG8kWvRRUPh,0.661,0.346,11,-9.115,1,0.03,0.452,0.0,0.131,0.256,129.752,263667
1AM1o0mKbgAK5oMpY8B3Z7,0.592,0.562,10,-6.869,0,0.0239,0.00373,3.23e-05,0.223,0.208,90.16,250173
6e40mgJiCid5HRAGrbpGA6,0.689,0.702,6,-5.642,0,0.0261,0.216,0.0,0.159,0.484,99.031,213600
3RSpK5Y0y5tl25qvssrwJ6,0.607,0.317,7,-10.244,0,0.029,0.732,4.53e-05,0.086,0.111,108.122,230933
0uMBzF4XYgZHfHr4sCM4J9,0.775,0.645,2,-4.67,1,0.0257,0.0431,1.26e-05,0.106,0.539,93.131,210600
5e8Od5m4mMLblfBHK36c4T,0.53,0.41,7,-9.677,1,0.0317,0.259,0.0,0.361,0.373,67.934,246080
6SVGZeLQ2TOrMmLnWPFenB,0.389,0.464,4,-8.418,1,0.0314,0.294,0.0,0.121,0.197,67.058,244947
6vtOX9riyVzwJxj2SYTuES,0.523,0.728,3,-3.86,1,0.0374,0.202,0.0,0.113,0.206,116.464,236773
1asbauP5iqBr21MTpWDdNS,0.454,0.322,6,-11.145,1,0.0295,0.786,1.45e-06,0.073,0.174,180.058,259200
2VGFj3aOub12LU2g1IJSpx,0.766,0.519,0,-11.411,1,0.0288,0.194,2.47e-05,0.292,0.856,118.199,261640
3HXEItH4mF7rVcr9m2MtuL,0.502,0.498,3,-7.113,1,0.0259,0.406,0.000102,0.258,0.227,80.989,264800
7JmsQwxDlC89imxewJcnHO,0.282,0.523,2,-10.77,0,0.0346,0.257,3.29e-06,0.266,0.293,160.551,221107
2RwFdFIN9JAyVUzevwkzez,0.764,0.567,0,-13.361,1,0.0412,0.252,0.0,0.104,0.79,108.805,214133
6Zj3BPdOPcVg6IOLoCZeTG,0.533,0.476,6,-11.107,0,0.0272,0.587,0.00133,0.0617,0.32,137.871,241040
5oDM9YSQIlhuWa0awHF4Z2,0.705,0.467,0,-8.456,1,0.0298,0.236,0.0,0.113,0.522,119.938,259693
5K7AMlpc4796JRWXb26nCV,0.371,0.609,11,-5.524,1,0.0295,0.386,0.0,0.104,0.426,136.526,266533
0wbWUdfexByPnIcfLOefMu,0.575,0.448,9,-8.524,1,0.0262,0.256,0.0,0.128,0.404,145.978,279107
541jTq3SOEELKvcfA0jHI0,0.607,0.817,1,-5.926,1,0.11,0.037,0.000607,0.116,0.508,114.482,297400
6UjlpJhUqOQqv0hrb38IDI,0.764,0.57,0,-11.361,1,0.0348,0.45,0.362,0.0812,0.972,115.376,219933
5y69gQtK33qxb8a24ACkCy,0.559,0.845,11,-3.871,1,0.0379,0.222,0.0,0.164,0.304,94.915,237493
76QJgXPE3oc1cnkE4PFHEn,0.702,0.933,2,-11.876,1,0.0491,0.0519,0.000128,0.151,0.896,115.115,205533
4uLU6hMCjMI75M1A2tKUQC,0.721,0.939,8,-11.823,1,0.0376,0.115,3.79e-05,0.108,0.914,113.309,213573
6kvoHl80mfCVTv7XnZkjQn,0.52,0.652,5,-6.655,1,0.0274,0.34,5.49e-05,0.256,0.722,80.609,258787
26XozheKTFSXpGb917XBKG,0.478,0.545,10,-5.715,1,0.0345,0.595,0.0,0.106,0.105,129.676,257293
2W4HHauPXqsxTGgCMwGwaq,0.395,0.595,1,-5.93,0,0.0305,0.223,0.0,0.0881,0.331,172.037,314893
0W1uTK6I97CbjFKAVtRGfK,0.385,0.395,7,-7.602,1,0.0313,0.58,6.31e-05,0.159,0.21,72.933,259213
1MsBRSbt5dqJSw3RxXtvCM,0.875,0.407,4,-10.505,1,0.0376,0.0769,0.000785,0.116,0.777,109.088,198773
5T8EDUDqKcs6OSOwEsfqG7,0.559,0.868,5,-5.276,1,0.17,0.0475,0.000176,0.776,0.609,156.295,209413
61FHPHXfnA0SG9sGjkrHNo,0.946,0.581,6,-9.296,0,0.23,0.0625,2.71e-06,0.0623,0.808,105.973,260840
4u7EnebtmKWzUH433cf5Qv,0.414,0.404,0,-9.928,0,0.0499,0.271,0.0,0.3,0.224,71.105,354320
7t5e5pqcOpMg3R7tKizh0A,0.485,0.321,1,-12.597,1,0.0252,0.865,0.000477,0.226,0.37,80.493,179760
4Zqg5ki17X4xwTISJvWhBb,0.547,0.436,1,-13.367,0,0.0375,0.763,0.0,0.0417,0.434,146.11,304627
7z3DihhdVRFn7kn4paPdgV,0.515,0.437,6,-10.21,1,0.0252,0.048,0.0,0.105,0.183,163.453,264000
5EvsytirpNFGyK88Zm7IoK,0.558,0.249,1,-9.319,1,0.0376,0.614,0.0,0.185,0.191,131.195,267787
1ZQIagXD5ku6N7LD6kLa0C,0.566,0.557,5,-6.608,1,0.0243,0.508,0.00287,0.195,0.478,99.969,205347
6Pdjal5UmVNsjaMB5Jnmke,0.57,0.801,9,-7.267,1,0.0941,0.189,0.00898,0.069,0.973,147.37,263493
2lnDNgTDt5Ouu5dCpvjvsF,0.562,0.692,9,-9.011,1,0.0538,0.0309,0.0293,0.0985,0.942,167.355,232013
37BTh5g05cxBIRYMbw8g2T,0.365,0.513,7,-13.034,0,0.0357,0.0208,0.000147,0.205,0.739,80.647,331200
3MrRksHupTVEQ7YbA0FsZK,0.529,0.843,6,-6.908,0,0.0616,0.0628,0.000827,0.0608,0.188,117.662,310333
1zng9uqqXoPkmU05nsAlsw,0.309,0.596,5,-5.599,1,0.0293,0.101,0.0,0.21,0.161,164.587,394400
577MNC3o3L0lNIzx9abqOk,0.385,0.342,2,-7.749,1,0.0285,0.416,0.0,0.119,0.131,132.864,308933
6YFYYxoLH9Aoasz0unIXiK,0.605,0.454,5,-8.394,1,0.0264,0.241,0.0,0.114,0.326,121.974,223093
56A0zbb8pv9Q2igFRPrKwe,0.547,0.364,0,-8.789,1,0.0251,0.609,0.0,0.107,0.217,64.252,255507
5p0ietGkLNEqx1Z7ijkw5g,0.491,0.593,0,-5.975,1,0.0255,0.098,0.0,0.257,0.328,144.142,231760
41SE77LHNAj911kYih7kmZ,0.614,0.429,9,-10.473,1,0.0264,0.499,0.0388,0.0724,0.25,139.912,403286
1lx8ddGT5wCD6W2xmLeRKG,0.636,0.264,6,-14.567,0,0.0263,0.593,4.22e-05,0.275,0.264,99.304,238467
40LQiUUUKXVGyNs09lHVjW,0.476,0.736,2,-5.38,1,0.0343,0.0217,1.08e-06,0.203,0.251,129.084,261853
468iB1VWvEy9ln8M9zdde6,0.52,0.969,1,-3.612,1,0.0331,4.47e-05,0.00232,0.157,0.63,97.598,185067
5tg4Rr2rArQJKiH2hcaJph,0.545,0.332,0,-9.124,1,0.0412,0.505,0.0,0.0888,0.434,106.067,275907
2U7cnTug2AaI7HUUoNQnCZ,0.351,0.587,7,-7.228,1,0.0422,0.392,0.0,0.0624,0.278,73.956,325187
65ANSaYbBQK6z8fOl0TWVd,0.395,0.466,7,-8.633,0,0.0322,0.714,0.478,0.258,0.191,116.965,291600
2NF5cvSM4d7EF6mNlb9erS,0.775,0.817,0,-5.534,1,0.0282,0.165,0.0,0.126,0.753,98.22,214333
65bvH7egzl7h9f7uJmqGV4,0.631,0.505,7,-12.083,0,0.0903,0.553,0.0,0.137,0.687,90.204,215387
28UMiBhn383n9S7GL4tsxD,0.615,0.467,1,-9.883,1,0.0327,0.314,0.0,0.099,0.177,119.919,273667
3FUJGbUvwM8IooDXaY8mN1,0.548,0.306,6,-14.479,1,0.029,0.448,1.37e-05,0.0959,0.221,115.31,245760
2VpR03e5F7a86Ibj9zF6sh,0.662,0.444,10,-10.343,1,0.0279,0.225,0.000362,0.0751,0.687,152.009,245000
6sPOmDulFtLzfX25zICNrC,0.659,0.513,0,-7.186,1,0.0293,0.315,0.0,0.283,0.855,133.609,177533
44AyOl4qVkzS48vBsbNXaC,0.396,0.293,2,-14.062,1,0.0275,0.941,0.000196,0.105,0.343,100.307,182360
1DC0kF4bxBA2XxtITfPEBI,0.57,0.493,4,-9.411,1,0.0249,0.114,0.0182,0.0353,0.573,82.208,249573
7oHymG8r14Iv9zn5hFTNax,0.538,0.536,3,-10.36,1,0.036,0.473,0.0,0.18,0.54,119.31,221373
6IEXakKkSG8Zg12Yna1BHz,0.491,0.44,9,-5.956,1,0.0287,0.727,0.0,0.14,0.124,117.98,240600
6yJxCltgtmGxIgKOS6ndnu,0.502,0.305,9,-16.011,1,0.0339,0.484,3.55e-06,0.117,0.248,131.242,291400
5hks7kSQAJ1SOfQwkdBZUy,0.477,0.222,0,-16.88,1,0.0313,0.508,0.0,0.148,0.397,114.915,245773
1eT2CjXwFXNx6oY5ydvzKU,0.462,0.632,5,-7.438,1,0.0248,0.091,0.0,0.397,0.585,74.268,238854
4FsDRscuV5c1N9h279BK34,0.582,0.413,1,-9.392,1,0.0314,0.516,0.0,0.0638,0.266,127.074,287733
5QgFvAiE7oGCBLt20wYYb4,0.59,0.338,11,-13.101,0,0.03,0.292,0.0131,0.121,0.322,110.581,185360
1PJ1JyZJg3aZgZQfg3ciWn,0.566,0.452,2,-7.374,1,0.0267,0.627,0.0,0.118,0.164,125.878,242187
4Kmoch57WhaCR1QVj7UppD,0.596,0.393,2,-9.535,0,0.0244,0.633,0.0,0.128,0.225,100.132,309685
1BPcb44h7TUnXN5BnErVU2,0.545,0.536,11,-9.66,1,0.0249,0.000196,0.0,0.119,0.428,139.927,285000
0MsJcRNjnyhvpFNUJD4tun,0.364,0.44,7,-7.582,1,0.0325,0.246,0.0,0.152,0.0428,119.991,321093
0SGmLeJNAXPqe4xYy0Do0U,0.458,0.586,4,-10.673,0,0.0283,0.116,1e-06,0.119,0.144,140.121,270933
40W8Mm9t3ZO1iNQlls35lL,0.388,0.176,9,-16.952,1,0.0299,0.912,0.000336,0.0977,0.342,97.628,155773
6sO4QAufnZX4GCSSgygZMA,0.559,0.387,11,-12.354,1,0.0267,0.403,0.0,0.0659,0.342,137.471,219800
2WthqeuPLwn0CHwCMrlt6L,0.568,0.224,6,-15.069,1,0.0296,0.677,0.0,0.127,0.0709,138.964,221973
6nozDLxeL0TE4MS9GqYU1v,0.61,0.497,9,-9.88,1,0.0279,0.32,6.11e-05,0.0884,0.739,85.031,250360
7LvaVLo0nrubwqsz1GxRSF,0.489,0.102,8,-14.775,1,0.0348,0.91,4.02e-06,0.112,0.23,92.642,243173
4A6EKWl2y81cZeJTOX6ASy,0.569,0.482,2,-10.699,1,0.0282,0.427,2.98e-05,0.271,0.436,79.973,237467
4WUnM4KNZ0kjp0CUeoyOnS,0.532,0.407,6,-9.658,0,0.0233,0.235,0.0,0.117,0.23,83.207,259853
6ZSZQoRMIgetNOV3VK53o8,0.635,0.524,9,-10.02,1,0.0278,0.392,0.00309,0.104,0.318,128.103,239133
221bffk5Wt9jbxUog7HhLQ,0.494,0.274,7,-9.887,1,0.0273,0.826,0.0,0.0705,0.471,92.962,216467
48i055G1OT5KxGGftwFxWy,0.619,0.603,9,-9.481,1,0.0342,0.712,0.0,0.0721,0.958,127.433,178933
4uvARnZIajUDXWXPifhK3B,0.603,0.302,7,-13.698,1,0.0242,0.44,0.00701,0.172,0.488,75.274,274560
5HrVgmO1govSOrPUehW1VV,0.62,0.402,5,-12.964,1,0.0264,0.337,6.13e-05,0.312,0.483,92.093,290840
5LRZlufnAFqWw2WVUuudSd,0.604,0.475,11,-6.813,1,0.0232,0.232,3.42e-06,0.0987,0.381,80.088,244467
1QPG2ye3d9L25rfxX14mTI,0.651,0.246,7,-16.889,1,0.0318,0.693,0.0,0.266,0.356,126.645,210240
45rb416BfJdrMNzBzBvlh6,0.562,0.336,7,-12.387,0,0.0246,0.746,0.0,0.136,0.342,99.491,213747
2YWaALZKQOZadouDuxaYHq,0.544,0.384,11,-10.812,1,0.0246,0.442,0.0,0.289,0.271,97.286,253893
1UI0l2L66HJ9AtoEOlHzv4,0.745,0.742,10,-5.693,1,0.0259,0.42,0.0,0.102,0.806,95.996,245067
06Bby5F2R1sVBggPrSH0xr,0.317,0.261,0,-12.606,1,0.0309,0.3,5.56e-05,0.416,0.252,132.584,243400
65h7Qhxl2WfW31Bl6sjWAI,0.496,0.338,10,-9.512,0,0.0316,0.733,0.0,0.115,0.202,129.486,234707
2ccW4vFSVKRgVjkZzvdjRw,0.621,0.533,7,-7.222,1,0.0265,0.343,0.0,0.0881,0.322,126.987,253093
7ePEIbrsRXk9En7noiLAo7,0.563,0.184,8,-16.386,1,0.0417,0.689,0.0,0.129,0.194,128.048,227293
25sIjg6llErMXRnoALTRSq,0.625,0.431,5,-13.175,1,0.0291,0.266,0.0,0.136,0.4,129.898,249333
3tpHf0q2BjkEB4ghENFoIo,0.557,0.336,9,-14.138,1,0.0276,0.5,0.00113,0.0587,0.315,88.379,258531
7igGssjFOduVFvSCUvuBok,0.385,0.546,9,-6.67,1,0.0408,0.457,0.0,0.145,0.41,88.785,181640
7JOyY9GA3P2Evx50oetDKb,0.482,0.211,3,-14.518,1,0.0318,0.803,1.36e-05,0.154,0.158,116.902,211000
6OvaCogrbFxzzIwM7hENOi,0.626,0.417,11,-9.166,0,0.0286,0.417,0.0,0.0984,0.135,109.905,271467
71EHOyEOhNx1SzTebRRyng,0.693,0.533,2,-10.954,0,0.0402,0.107,0.0,0.0695,0.568,127.661,291907
6yo9CPGPPLkTMOUfLroiRJ,0.603,0.465,2,-11.907,1,0.026,0.027,0.0,0.141,0.663,111.728,263560
7pPTlChOir0LLaWAXXoyjo,0.398,0.311,4,-10.025,1,0.0287,0.459,7.12e-06,0.0635,0.137,130.58,201120
5fP7YHDNkIwh3F7zPPgEdB,0.407,0.428,0,-10.676,1,0.027,0.391,0.000182,0.107,0.251,145.638,375867
3gdewACMIVMEWVbyb8O9sY,0.601,0.532,10,-9.119,1,0.0286,0.432,6.25e-06,0.0925,0.341,136.571,281613
31er9IGsfFbwqy1pH4aiTP,0.541,0.401,0,-10.499,1,0.0365,0.576,0.0,0.164,0.24,152.943,289160
4eHbdreAnSOrDDsFfc4Fpm,0.332,0.214,4,-12.518,1,0.0349,0.845,5.62e-06,0.0839,0.11,67.531,271093
2tUBqZG2AbRi7Q0BIrVrEj,0.709,0.824,1,-8.824,1,0.0453,0.207,0.000307,0.0888,0.867,118.818,291293
3DHWxeWr4uh19MklWjLpR0,0.544,0.812,5,-6.716,0,0.0811,0.0599,0.0,0.456,0.471,109.593,192520
3TN0iGCBNNPbuqD7DyAe7A,0.684,0.441,4,-12.147,1,0.0366,0.775,0.00557,0.241,0.819,117.009,236542
0Yb0T1IVTzNBSZu790EvDL,0.618,0.746,11,-3.933,1,0.0361,0.0584,0.000476,0.173,0.6,120.0,264253
2lTCcfrukFA5bQ9bpJkNNG,0.676,0.694,4,-4.598,0,0.0305,0.0543,7.2e-05,0.1,0.744,120.015,297813
6csX1JjmeoLhGqMBXGnZF0,0.423,0.598,5,-7.443,1,0.0268,0.641,1.24e-06,0.34,0.521,151.972,265133
4syRWjlQqS2FokBP34KSzz,0.516,0.363,5,-8.347,1,0.0256,0.831,1.87e-05,0.146,0.301,141.582,224400
4pN1vkOPYK78Ab8mrUU206,0.571,0.52,1,-7.157,1,0.0255,0.418,0.0,0.365,0.342,113.732,227773
03EnOL1O9EKi9CFNmPyrCm,0.555,0.46,9,-7.032,1,0.0277,0.497,0.0,0.103,0.146,67.027,355640
6HVT2c1ZZdhH1nGFb4AxUJ,0.745,0.628,7,-7.449,1,0.0535,0.553,0.0,0.0843,0.803,117.919,186610
4MsOWApwFYowURf1CsztXP,0.7,0.546,4,-9.961,0,0.0519,0.762,1.11e-05,0.103,0.293,134.152,248894
683vYd6JzbsguUFrX5VeG9,0.648,0.815,1,-4.343,1,0.0387,0.152,0.0,0.232,0.703,116.062,231724
5QpaGzWp0hwB5faV8dkbAz,0.558,0.719,2,-5.113,1,0.0267,0.0367,0.0,0.115,0.371,112.027,208600
1lkvpmrCaXK8QtliFDcHBO,0.688,0.477,9,-6.684,1,0.036,0.594,0.0,0.115,0.257,127.866,196227
6Bm6qUCSatPAqkQllFL7oA,0.256,0.788,6,-5.263,0,0.0403,0.0298,0.0,0.707,0.429,80.718,228707
3ZffCQKLFLUvYM59XKLbVm,0.546,0.814,7,-5.146,1,0.0314,0.023,0.0,0.0972,0.146,104.98,285653
63CHa6rmamv9OsehkRD8oz,0.58,0.498,1,-6.901,1,0.0277,0.198,0.0,0.132,0.111,116.271,206360
64yrDBpcdwEdNY9loyEGbX,0.268,0.742,5,-4.939,1,0.0355,0.0518,0.0,0.626,0.416,159.779,321093
5g1rzUEyVFNr2i4ifEjlVN,0.442,0.491,7,-6.598,1,0.0246,0.00693,0.00491,0.114,0.125,79.954,232120
2G9eWzsXMhtIFepkY71FVd,0.641,0.439,7,-10.745,1,0.0329,0.536,0.0,0.532,0.298,132.588,254800
4Q4egUdAp67KY8lZLQ88JK,0.689,0.548,5,-9.391,0,0.0962,0.152,0.000586,0.121,0.566,155.583,253781
1UdoFJDUHWu4oWH5JlwmDP,0.49,0.321,9,-13.283,1,0.0302,0.711,2.15e-06,0.0372,0.229,121.377,280800
2PMWFioIvUQOgrlayDGpfO,0.657,0.368,9,-11.597,1,0.0251,0.717,2.2e-05,0.101,0.375,98.923,243427
5WwqdeavrQrbeAMDxGawse,0.408,0.48,9,-11.017,1,0.0266,0.155,1.82e-05,0.0877,0.19,156.344,294773
4rcHWl68ai6KvpXlc8vbnE,0.306,0.722,0,-5.963,1,0.034,0.0519,0.0,0.117,0.41,174.732,200293
47RAxX2yfiZWmsNKLvjQON,0.513,0.522,1,-7.569,1,0.0295,0.0634,0.0,0.121,0.336,141.833,261907
2kDH08boXJyhKMl5hnZbrE,0.472,0.48,1,-11.893,1,0.0308,0.000204,0.00275,0.0914,0.126,123.023,286573
7zSDDsIlks515d0tZGM64x,0.645,0.431,8,-10.178,1,0.0272,0.438,0.000634,0.0709,0.336,118.223,226133
0FGxAEMIE5GhyFqFMHRWaO,0.456,0.332,10,-9.775,1,0.025,0.665,0.000248,0.138,0.237,93.633,266267
2cX2coZS1PYBfPs8wgbdWE,0.601,0.703,7,-6.24,1,0.0379,0.175,8.4e-05,0.571,0.673,106.164,196213
4ye6YRG07XMpZZ9Y9tNTt6,0.367,0.353,11,-11.786,1,0.0288,0.335,0.0,0.1,0.282,74.103,247973
5zDVyVBJoE0NVUmYcyvTny,0.503,0.595,7,-9.383,1,0.0294,0.0895,2.49e-06,0.148,0.457,128.099,371200
5ONZUcFHtslSBavtrUJ8p3,0.528,0.392,9,-7.193,1,0.0303,0.649,2.33e-05,0.0999,0.134,122.022,240667
18xQYPx62DwnjtOzS6zs1Z,0.671,0.529,3,-5.009,1,0.0246,0.0571,0.0,0.108,0.271,136.07,238000
7baEqeZB8yuAqhMqG6qepN,0.48,0.662,5,-7.972,1,0.0242,0.241,1.71e-06,0.0863,0.864,100.574,168307
0cRuocQnySYHxzgva3k2ai,0.362,0.181,1,-15.216,1,0.0451,0.866,0.0,0.186,0.265,146.353,210267
4x6naldQkgHQqbDWaYdYHp,0.39,0.403,6,-13.177,0,0.0293,0.72,0.0376,0.228,0.469,144.033,212000
5xFIkvs3t1jhuTUJ5tydte,0.57,0.882,6,-7.275,0,0.0459,0.114,0.000135,0.352,0.807,128.223,277707
1osglvsccU0oGsHPYHjyuR,0.697,0.546,0,-12.769,1,0.0395,0.0298,0.0646,0.15,0.75,129.179,187000
60pJ6HcDBU2YqyjOsjcNoB,0.622,0.76,2,-6.07,0,0.0329,0.538,0.48,0.133,0.836,105.332,215827
2i8FEE8sse2lAWlMfDKuu7,0.622,0.894,9,-9.67,0,0.0744,0.239,0.0185,0.348,0.808,133.478,241000
6dUHWtqSbiyQq1vusP0pxR,0.402,0.294,9,-13.503,0,0.0295,0.637,0.164,0.104,0.185,144.546,186000
2QalsrcmPhvT02zaLhoUMG,0.701,0.545,0,-12.383,1,0.0381,0.46,0.000968,0.0854,0.521,133.86,198000
2SbsvihBJmgNKZ4qkXFWrp,0.623,0.127,6,-14.935,1,0.0306,0.452,0.0,0.114,0.237,91.625,334040
4SyjpeEgD8jJbj23Srq79S,0.377,0.214,9,-15.527,1,0.0302,0.203,1.39e-06,0.155,0.144,131.288,209667
4c8jWog32ctnWEuonvOy7j,0.444,0.199,0,-14.508,1,0.0266,0.239,0.0,0.116,0.32,85.904,191960
3iGK3VkBMYgN58bgZ3r8wc,0.536,0.501,7,-8.343,1,0.0283,0.00455,0.0,0.12,0.212,124.438,227027
0cPFJDvhUKiQZZ2IGtImj9,0.553,0.833,4,-3.931,1,0.0351,0.602,0.0,0.0935,0.543,84.457,226467
3c7Ctlw9MKlIQPxRH3fOTt,0.808,0.812,8,-5.012,1,0.0381,0.52,7.91e-05,0.134,0.269,100.331,318680
082KyGrUIooHcyyElugozU,0.474,0.508,6,-6.845,0,0.0235,0.316,0.0,0.166,0.358,77.31,233853
3ovjw5HZZv43SxTwApooCM,0.452,0.524,0,-10.108,1,0.0351,0.315,0.0,0.103,0.246,151.505,312360
5W7YROOF6bFfBexY81LFjt,0.267,0.204,2,-13.714,1,0.0317,0.527,0.0,0.0924,0.0903,169.486,265973
4RvWPyQ5RL0ao9LPZeSouE,0.645,0.795,7,-12.095,1,0.0527,0.347,0.00389,0.104,0.535,112.067,251489
1JLn8RhQzHz3qDqsChcmBl,0.477,0.471,6,-10.036,1,0.0277,0.193,1.76e-06,0.131,0.423,81.204,304787
07TnWCHrFkvF61GzJuLVt0,0.398,0.57,4,-7.068,1,0.034,0.056,0.00125,0.0606,0.234,140.974,304213
7o2CTH4ctstm8TNelqjb51,0.454,0.91,6,-7.766,1,0.0448,0.0866,0.0996,0.116,0.629,125.116,354520
1M3xrSPzPcKkCnXGHFPKaw,0.527,0.342,3,-12.272,1,0.0336,0.59,0.0,0.0803,0.148,124.209,252613
67YIAxlMlfSNmbnt83zGKh,0.437,0.727,2,-5.432,1,0.0293,0.0532,0.0,0.103,0.233,73.029,346587
1yJWqYYDQge60nZKdLyiZU,0.396,0.612,6,-8.039,1,0.0277,0.00288,4.71e-05,0.233,0.241,146.759,239867
57DRDn3OKZyKQniRNAjYIQ,0.493,0.476,10,-10.485,1,0.0287,0.0418,0.0,0.147,0.149,122.481,326827
4C8qZRxrteBY9F8r2oZrV3,0.506,0.539,2,-10.654,1,0.0293,0.11,0.0,0.185,0.208,118.668,265160
7N3PAbqfTjSEU1edb2tY8j,0.572,0.835,0,-6.219,1,0.0317,0.171,0.000377,0.0702,0.795,129.981,241600
54b8qPFqYqIndfdxiLApea,0.418,0.452,1,-13.099,1,0.0356,0.638,0.00026,0.0959,0.168,175.088,218733
225xvV8r1yKMHErSWivnow,0.383,0.662,2,-5.162,1,0.0333,0.165,0.0,0.248,0.138,121.154,298760
2dwyCkPH66frM73rf1Mpn4,0.608,0.451,6,-10.203,0,0.027,0.591,0.00265,0.156,0.334,138.375,291587
6Kld4dUHU3Yh1zNjZJenEb,0.404,0.377,9,-10.542,1,0.0291,0.545,0.0,0.0966,0.349,157.812,212333
4NBxoKAY9PR2PdfNnmVRkN,0.535,0.489,9,-10.626,1,0.0274,0.0621,0.0,0.143,0.0883,126.384,242293
0KMGxYKeUzK9wc5DZCt3HT,0.434,0.563,11,-6.784,1,0.0268,0.0197,0.000824,0.128,0.275,104.183,235373
03G3noXh5tRmRovUVy6jD6,0.453,0.183,10,-14.54,1,0.032,0.955,0.000313,0.149,0.44,100.174,281240
4bli168vzpjzvkqHXn0EJ8,0.563,0.574,3,-7.49,1,0.029,0.212,3.15e-06,0.127,0.387,132.809,234093
13vqqi30qvTpWVC9JSC2aM,0.673,0.324,0,-12.513,0,0.0305,0.326,1.64e-06,0.0767,0.162,119.894,255760
0v1XpBHnsbkCn7iJ9Ucr1l,0.551,0.913,0,-4.063,0,0.0466,0.0263,1.35e-05,0.347,0.544,119.992,224493
4C4hOK5BTwWMHU9WMuvapH,0.369,0.66,4,-5.491,1,0.0313,0.142,0.0,0.152,0.36,144.251,353107
6ZL4qgWupW4LQjfuvv4KaU,0.53,0.965,0,-2.56,0,0.0576,0.0465,2.28e-06,0.394,0.824,122.749,223147
3XFkhxO5jo2hBOWNzIQ9UB,0.323,0.244,11,-11.499,1,0.0293,0.776,1.02e-06,0.153,0.19,79.948,226840
7wuJGgpTNzbUyn26IOY6rj,0.431,0.723,8,-5.887,1,0.0568,0.145,0.0,0.374,0.19,130.141,267360
4y1LsJpmMti1PfRQV9AWWe,0.71,0.799,6,-4.897,1,0.0328,0.22,0.000602,0.349,0.725,120.372,238267
4BFMQ15vXr626UOoZL8bUI,0.7,0.781,6,-8.255,0,0.0507,0.0874,0.00342,0.059,0.385,108.695,289067
05wIrZSwuaVWhcv5FfqeH0,0.596,0.869,10,-11.97,1,0.037,0.0116,0.173,0.0678,0.944,109.902,238733
3mRM4NM8iO7UBqrSigCQFH,0.703,0.826,10,-7.179,0,0.0341,0.0322,0.00629,0.179,0.945,103.564,285373
3SdTKo2uVsxFblQjpScoHy,0.65,0.306,9,-9.443,1,0.0393,0.57,7.07e-06,0.0707,0.605,118.068,180056
0oSpCoA0I9wg2UAKT4XGTX,0.484,0.839,1,-5.509,1,0.0315,0.104,0.0,0.114,0.784,139.952,236107
1JC4niMbshPlor1BPagn2L,0.582,0.492,3,-7.448,1,0.0248,0.581,1.48e-06,0.137,0.429,76.251,324693
7f51xBVcnZD31QdWLADKYh,0.593,0.44,7,-10.824,1,0.0328,0.597,1.84e-05,0.0378,0.349,111.981,276653
0HAciULA3lNbyp0kCBrJnC,0.648,0.316,8,-11.308,1,0.0277,0.434,1.32e-05,0.123,0.308,99.006,313500
092cPwFlwBXdB3QF3X469W,0.46,0.311,5,-10.235,1,0.0319,0.961,0.000819,0.189,0.22,124.193,216774
17Ux4yT9fdJ8VFSPNgxZPC,0.588,0.577,10,-5.464,1,0.0291,0.13,0.0,0.174,0.486,141.976,180579
2xCkiGqGMkAIg6fQTag51C,0.676,0.43,11,-10.563,1,0.0232,0.169,0.0309,0.109,0.226,104.982,280427
2ddfSfk2aep5aoNXVUOhq0,0.689,0.531,2,-9.032,1,0.0246,0.0687,0.0883,0.392,0.824,96.028,211875
3FuZUeJbuejOfpbvuqp8QL,0.564,0.364,4,-11.39,1,0.0246,0.82,0.875,0.114,0.0739,80.038,245225
68tQlRbElNdTmkLjndBzNC,0.537,0.426,4,-7.856,1,0.0344,0.47,5.65e-06,0.114,0.197,136.718,435541
5PjjypAmfFPp5Axknx5mJ9,0.615,0.379,10,-10.588,0,0.0514,0.363,0.0,0.109,0.431,137.658,245217
30iQzlBfK9kN20Hb4jh0Da,0.246,0.516,7,-8.133,1,0.0353,0.488,0.0,0.108,0.232,61.258,339184
7Kh9hYahcc7CY9ySWAhbfe,0.459,0.584,0,-6.378,1,0.0312,0.0148,0.0,0.0726,0.322,131.868,379805
0QQoU68nnBRWJqr9ak3mnS,0.552,0.394,6,-10.784,0,0.0326,0.419,0.0,0.387,0.487,126.915,270411
7bUvgvAf0tdQIty95lV5wf,0.771,0.629,8,-7.1,1,0.0833,0.0375,0.0,0.108,0.552,116.0,244321
4Qs3DkTFVG1QiOwd0BUa9o,0.784,0.529,5,-5.156,0,0.0385,0.115,0.0,0.119,0.465,126.026,232381
7tYjXd42SzEhrWEFQeZxNm,0.571,0.143,11,-8.704,1,0.0381,0.885,0.0,0.119,0.487,107.516,255661
63bmIgH9sS6sX5Sc7MetGq,0.62,0.668,9,-5.719,1,0.0305,0.088,0.0,0.362,0.183,118.013,244068
1oYQtNQUxSODedcc5hPmp9,0.482,0.881,11,-3.62,0,0.0533,0.0128,0.0,0.103,0.281,144.02,290004
7pa4kToAE3b6Gtk7fWrsLl,0.522,0.495,9,-8.209,1,0.0347,0.734,0.0,0.05,0.707,167.842,197193
7tQ2P3dP76bj1aSEfe8StO,0.387,0.36,2,-16.437,1,0.312,0.812,0.00195,0.0936,0.14,70.636,292415
011GTFfE8rqTRMhz5g8IAW,0.844,0.314,9,-13.434,0,0.346,0.434,0.00077,0.0787,0.571,120.039,230000
0AiUFrU3Bj0ZzYFSWoAM0O,0.783,0.37,2,-13.875,1,0.117,0.135,0.0,0.0742,0.403,75.965,220263
2kRjoaqiyeS0Faus5wKztH,0.705,0.499,7,-8.554,1,0.0714,0.317,1.64e-05,0.131,0.5,79.992,241659
3YdrHVyjuChT3koerYnC80,0.806,0.723,7,-7.314,1,0.0439,0.446,0.0,0.133,0.814,140.008,250562
0YLbtteFjTy3QTgcVcqeXx,0.875,0.427,1,-9.699,1,0.0564,0.131,0.0,0.1,0.136,114.981,318859
4tGi8iP2GCEx7E3D3aCE1J,0.478,0.508,11,-13.556,0,0.0814,0.34,0.0,0.602,0.671,120.136,192053
1iDzuokNWMQssiwwzK1D9a,0.721,0.542,10,-10.649,0,0.361,0.594,4.64e-06,0.117,0.238,89.34,240640
3GJKwh1JcmSnLmmq611qNX,0.833,0.321,7,-12.115,1,0.155,0.62,0.000191,0.161,0.549,119.951,176065
5vbqFLkgnvy2emjmUIYYg8,0.583,0.475,5,-8.899,1,0.0426,0.162,0.0,0.13,0.599,153.884,278190
7xJ3VASYirHyuTpxDvTVbV,0.707,0.503,0,-8.266,1,0.0742,0.171,0.00197,0.0586,0.295,121.931,300893
2KoWHNtJrbE0WxWfQjYjyu,0.713,0.342,2,-8.613,1,0.0802,0.554,7.61e-06,0.113,0.662,79.977,267050
1RvyIKCEnk791GHf3RLNmD,0.436,0.397,2,-11.062,0,0.332,0.56,6.69e-06,0.118,0.111,186.151,250000
3NUr5nNH1qJf0lysCG517Q,0.47,0.298,8,-13.659,1,0.0324,0.529,9.9e-05,0.122,0.262,169.916,305987
6Fh0xf6gIgBJ5FyjAZmmI8,0.841,0.704,4,-5.062,0,0.0393,0.164,1.33e-05,0.184,0.523,128.055,211406
3sWLOFGI7dNN6YBM1m1RKB,0.883,0.569,1,-8.727,1,0.0617,0.543,6.64e-05,0.0777,0.545,101.999,374118
1jRUUq9FroLzFGA583WE9u,0.485,0.389,6,-10.154,1,0.0301,0.302,0.0,0.111,0.269,135.02,244138
4174gIQuZCcJfTMT82VT8I,0.735,0.555,1,-7.596,1,0.101,0.0921,0.0,0.0789,0.309,150.029,198821
0G5qmu4TsdUH19zdcbI9Ui,0.817,0.297,1,-13.695,1,0.0553,0.722,0.0,0.101,0.443,100.031,139180
44Iv2pSC8nb5lXqJK37GxM,0.647,0.626,1,-8.473,1,0.293,0.498,0.000184,0.099,0.828,79.991,198060
5PnLTwuP7aTsrxwkmwb1GZ,0.633,0.324,6,-12.993,0,0.0552,0.0265,0.0,0.123,0.175,132.053,178201
4KtAI0WOLiaeOfBT87shZG,0.627,0.334,4,-14.688,1,0.0423,0.566,0.0,0.304,0.387,169.983,194812
5u86lCzdYnXQEj6Telheii,0.638,0.559,7,-10.058,1,0.0653,0.47,0.0,0.0863,0.501,80.024,240927
0op8nJWeyVPfDVZrSoYWaH,0.766,0.368,1,-12.509,1,0.0614,0.127,0.0,0.0664,0.339,95.007,265263
3QSzri9w0KQLYMRkR5711z,0.727,0.609,6,-6.384,1,0.0496,0.122,0.0,0.499,0.642,95.015,267790
53KBJe90rbY3NDa8UMjl8G,0.554,0.619,2,-9.26,0,0.12,0.499,0.000133,0.0865,0.26,82.971,289567
0WRSaei4JRI1KTYhMqQh9y,0.801,0.377,0,-14.957,1,0.0807,0.237,5.48e-06,0.451,0.388,115.035,269217
21Wp6mtp5AJAbs9tIDaDaN,0.702,0.349,0,-7.993,1,0.0376,0.182,1.79e-06,0.172,0.356,85.976,215440
3C2G7pVyr6r1JrvbLtQPIx,0.74,0.457,7,-6.975,1,0.0465,0.255,1.47e-05,0.278,0.29,110.069,289097
5lloIPNRXna1N8Yc2Ia6Lf,0.806,0.474,1,-8.431,0,0.171,0.276,0.0,0.413,0.385,114.987,262957
2aBdvC7X0r68dhp7O2gY2k,0.844,0.273,4,-13.382,0,0.0472,0.54,0.000266,0.204,0.819,132.011,206913
1WIKNaOjuMPLuwstsy2U7k,0.526,0.533,3,-6.02,0,0.038,0.266,4.23e-05,0.117,0.193,91.987,306000
2fqbHD3yS1yNwfCgPyvKXS,0.498,0.354,5,-12.412,0,0.0474,0.531,0.00725,0.0994,0.37,111.948,279320
2xoY28Koth2NfgzEnsVp0H,0.725,0.41,6,-10.631,0,0.0378,0.134,0.0,0.149,0.361,111.943,150000
3tx1XE0dOy2rFSJgBB7acO,0.75,0.354,6,-10.01,1,0.04,0.0895,0.0,0.0962,0.187,109.994,301097
1UcrhQg0HiRmlOHhIkEFQR,0.65,0.22,4,-16.59,1,0.166,0.835,0.0568,0.133,0.332,82.005,213681
0GHR9XDrf3j7OI9GWy4915,0.599,0.364,7,-14.097,1,0.0379,0.288,0.0346,0.1,0.106,120.001,200104
0Fak0BCePEYQzfApLLKPIc,0.649,0.517,10,-11.934,1,0.255,0.653,0.0,0.0922,0.607,89.766,270602
5FxylpC7xF5Fxl2Csai8Kh,0.796,0.401,8,-11.943,0,0.0599,0.0889,0.00839,0.259,0.572,115.041,221092
0I9TYnkzJ9QfKQkwkks0sx,0.624,0.425,3,-12.266,0,0.108,0.547,5.57e-06,0.0648,0.348,89.963,227423
2Ohx46HR4Y0ARZsNoDjVDO,0.699,0.388,8,-12.534,1,0.0686,0.36,3e-06,0.275,0.446,106.007,167577
2QhX60B8ZkgcMHQyS2d6cb,0.711,0.503,11,-8.709,0,0.0415,0.0137,6.78e-05,0.106,0.364,146.997,225306
5jqXddShHnPPt5DTVxeXv6,0.457,0.486,5,-8.942,0,0.118,0.673,5.9e-06,0.112,0.321,171.112,280686
108nkZMJRPDIDEYP0gpD0N,0.722,0.208,6,-15.428,0,0.0502,0.134,0.0,0.261,0.343,100.002,266175
5DeFtXwPfcBwPQZKkG6OHE,0.706,0.536,11,-9.809,1,0.0354,0.185,0.000732,0.118,0.683,90.004,218880
0yyTkIj1Sn27NPDJ2Tr9kg,0.826,0.373,9,-10.715,1,0.076,0.695,0.0,0.137,0.759,94.994,144000
62aa4ZnQGgF8gXzzvWRJhG,0.758,0.39,1,-9.799,1,0.0485,0.567,0.0,0.099,0.238,117.048,168205
0SBnIIa41RDgMC2x7xjBWv,0.855,0.368,6,-11.427,0,0.0699,0.421,5.15e-06,0.136,0.733,130.039,179742
13JI0Rd4mN4R5Cp1IchjmM,0.516,0.385,8,-10.906,1,0.351,0.731,0.0,0.117,0.4,177.896,203520
0bkIrQVGU7qhnbstWM03bJ,0.747,0.288,8,-17.701,1,0.211,0.637,0.167,0.101,0.467,159.892,207758
2jo0BVKlW0gFlk7T7kP6zW,0.796,0.331,7,-12.32,1,0.175,0.724,0.0,0.105,0.786,82.987,289149
0rEuyyMJVGEu17lUXABPuy,0.668,0.633,7,-6.284,1,0.0348,3.71e-05,1.3e-06,0.129,0.0691,122.008,230264
7er7js1rbzowJHnriVaLlC,0.779,0.444,0,-13.166,1,0.0352,0.61,0.0,0.108,0.614,115.012,252970
2mwd0LWLBgtQBEOLG96nbU,0.804,0.557,0,-8.658,1,0.163,0.322,0.0,0.106,0.645,100.053,397034
5P1bLGGRdG4MjTjx3ZRQ7r,0.808,0.611,11,-8.424,0,0.315,0.295,3.69e-05,0.0843,0.646,150.037,243805
4ZbaZk6lhaVZsZKzwL0FBO,0.813,0.355,7,-14.145,1,0.0524,0.514,0.0537,0.0895,0.795,94.965,264400
1BDGjGAWTEdhpH4aH0N9Rx,0.669,0.318,1,-14.994,1,0.0945,0.425,0.0,0.0837,0.245,134.029,243660
1h9VWKVdWGffeTUfGWkdvq,0.755,0.695,6,-4.505,0,0.0371,0.148,0.0,0.186,0.292,129.994,180923
4vzeUBBrBfZQfGNMiUe2GW,0.886,0.247,2,-11.561,1,0.114,0.478,0.0436,0.108,0.518,115.095,150297
5CUTOXYjpkPk7nUnU9XI8c,0.786,0.479,6,-7.593,1,0.146,0.548,9.14e-06,0.143,0.459,77.027,228266
4oUWdIflK4NBsHCvLIzAf5,0.609,0.443,8,-9.536,1,0.0338,0.556,0.139,0.0963,0.295,122.939,175812
3NRqe1no7Z3TJcPpaTFrTM,0.791,0.367,9,-8.506,0,0.0396,0.293,0.0,0.111,0.087,115.933,201143
4gXlazj9zI87N5xm3U6c4p,0.446,0.529,4,-10.563,1,0.0335,0.34,0.00448,0.124,0.126,77.944,180008
3uEPfYhh9w7xGPznWWazjz,0.715,0.518,5,-9.039,0,0.0586,0.701,0.0,0.0915,0.619,90.014,181354
7uPyK8uzferFVlgMj2Qx83,0.819,0.471,0,-8.973,1,0.0608,0.543,0.0,0.0807,0.475,120.001,179007
61LVJLlgcPnVWY3dakmjER,0.777,0.26,8,-13.945,1,0.181,0.84,0.0,0.102,0.664,100.033,156000
4XgUJD89REmPVabBfuZQA9,0.755,0.502,2,-6.269,0,0.0435,0.303,0.0,0.094,0.207,98.023,237584
1kziT3OGlPkZZVlzNnd1or,0.763,0.331,8,-12.834,0,0.28,0.466,0.0101,0.115,0.254,75.016,155233
2IJZBqDNxKDJWLHKMWtPAf,0.873,0.468,11,-12.115,0,0.0743,0.41,7.22e-06,0.102,0.128,110.023,255295
2Yw57E0pPtBAU3xsqZrK07,0.681,0.564,2,-10.888,0,0.111,0.893,0.00184,0.0938,0.725,90.203,191000
0GiqrzfvBVHmkyJEWP4kcx,0.829,0.528,6,-6.877,1,0.0697,0.144,0.0,0.107,0.503,134.947,259569
2n7Y7zHyypRKkQoGJFobUA,0.743,0.333,8,-10.691,1,0.0483,0.407,7e-06,0.0904,0.39,84.964,307788
64zUEsoF5NpLfFqFXFYcwI,0.801,0.389,2,-11.157,0,0.0444,0.617,0.0207,0.117,0.251,110.029,148402
34LRGRiPsEJIO1eMUvL0rU,0.766,0.324,9,-10.698,1,0.0834,0.842,0.0925,0.114,0.503,135.077,217354
2Ac7nEO7Hn3foBPLomuAZs,0.682,0.68,2,-8.109,1,0.0392,0.0613,0.0,0.188,0.191,141.995,296665
6n3Gi3BouWAH10htZvbOrg,0.871,0.291,1,-13.709,1,0.244,0.00245,0.000524,0.129,0.613,76.012,180000
0vPTT7SlWuA9CzlvqU0xmT,0.728,0.615,8,-6.153,1,0.0455,0.348,4.3e-05,0.111,0.602,139.999,195429
4ixbcHRojzeCHb3QxoBXoR,0.66,0.413,7,-11.822,1,0.0572,0.875,0.00142,0.105,0.137,80.063,160000
2ds0JYy1lAJWoaRX7UZCjm,0.678,0.899,2,-4.995,0,0.099,0.427,0.0,0.114,0.776,136.016,242662
7CgEAxsgEf3L6EoSTEiDq8,0.75,0.44,8,-10.062,0,0.0754,0.611,0.0,0.118,0.653,143.918,203333
7FV5xrFNBTIYAb95poW6yc,0.722,0.676,1,-8.197,1,0.256,0.361,7.22e-05,0.139,0.569,163.955,187376
5J6yXwGvXMiFD2as2dbktt,0.658,0.587,11,-9.148,1,0.126,0.569,0.791,0.204,0.662,170.039,261882
2TCeXC47hG8ci28dugm29v,0.714,0.492,7,-8.149,1,0.0509,0.0983,0.0,0.109,0.306,142.013,247000
3er4vOi1Z6Fe6pPvEHaH39,0.741,0.682,1,-6.748,1,0.0956,0.197,4.43e-05,0.0807,0.496,125.004,207360
1RvnOH2nK6Nl3gOn0aaDlJ,0.691,0.514,0,-9.954,1,0.118,0.706,0.0131,0.0912,0.306,149.972,220853
60jYOyxr1FHGFnofoIXPCq,0.647,0.566,0,-10.039,1,0.0679,0.279,2.26e-05,0.107,0.592,174.068,290875
0xaKCWpX4CBSqwh7CQa4EG,0.789,0.426,2,-13.166,1,0.0824,0.207,0.0388,0.105,0.529,119.984,180000
2XSlgi1rq1Nzbsaxe239Js,0.802,0.564,7,-8.974,0,0.0628,0.213,0.0,0.0797,0.185,100.022,372294
12pdrE4AfIRU8kE9TM911d,0.677,0.426,0,-9.716,0,0.186,0.00619,1.18e-06,0.336,0.143,78.077,318485
6YdMbtVpGZzMdY1Fgueyrm,0.781,0.612,1,-11.118,1,0.0394,0.627,2.08e-05,0.142,0.93,117.978,195239
4g2J3dRcu0yVEbsz6sZvxQ,0.713,0.629,1,-6.185,0,0.0628,0.145,1.59e-05,0.0966,0.345,131.874,199550
75qOZl6JmiU0FCLVa3TGUk,0.743,0.335,0,-11.604,1,0.26,0.459,0.019,0.114,0.369,85.019,256078
3IXhldrCfWEMBu11FLPRZa,0.758,0.462,10,-8.641,1,0.0392,0.0592,0.0,0.287,0.358,120.026,216000
6ZAobtm9t32SqPMowoBgwU,0.817,0.456,9,-11.907,1,0.0802,0.757,0.0,0.0979,0.435,105.068,156452
2BDrpeAnTxCurLt38yDSrE,0.572,0.513,7,-6.481,0,0.0487,0.141,0.0,0.0891,0.207,105.006,238286
4lYh0Rtm45wdlwtjCPDgD6,0.688,0.478,9,-12.732,1,0.545,0.622,0.0,0.152,0.852,169.844,255399
4431FIgqdKZWBuRQeW6yVS,0.734,0.45,0,-13.786,1,0.211,0.184,0.0,0.0926,0.719,150.095,219642
4CMRBHAJiKUHHTwpgWCuLq,0.592,0.772,5,-5.809,1,0.108,0.197,0.00187,0.115,0.634,180.022,165333
2jvjTFvab53bnS5zX05EDW,0.705,0.483,6,-10.379,0,0.14,0.653,0.0,0.0862,0.434,142.038,209580
5KCn2dxJFOP4qEIAmJDcfe,0.423,0.197,10,-12.335,1,0.0806,0.899,0.00654,0.208,0.179,76.989,160641
2BhTRNRuLzMomWfhhLyPQ0,0.839,0.496,8,-10.414,0,0.057,0.25,5.17e-05,0.0903,0.725,116.989,199065
22snY669jCK2QAI3bOfprz,0.849,0.319,10,-14.315,0,0.0979,0.321,0.112,0.107,0.634,115.421,199210
1GnokNij8qtNEAkfDtxC9g,0.72,0.82,9,-5.222,0,0.0289,0.00716,0.0,0.0845,0.26,130.035,166154
6usG6MytT8opDQEWs59QOv,0.807,0.53,1,-7.555,0,0.179,0.41,0.0,0.11,0.386,92.998,193548
5PCvndHKmtBIV0TnzlLxZq,0.594,0.692,3,-4.573,0,0.0429,0.653,0.0776,0.164,0.0793,59.992,257570
78tZhNRcMeicSUXtDYK2tK,0.8,0.468,1,-6.167,1,0.0966,0.0845,0.00168,0.113,0.136,82.501,213485
4ItjaAW8vi55Ne4Jrw0qJk,0.629,0.481,7,-11.471,1,0.0826,0.461,0.000823,0.676,0.44,135.865,335294
5l5iWagbnfG3QsLwC4GkRy,0.853,0.615,5,-9.102,0,0.0887,0.561,0.00156,0.193,0.461,117.972,288941
27kaeLB6wRVvsaORS8O96F,0.795,0.514,3,-9.84,0,0.138,0.522,0.0111,0.129,0.522,120.099,230000
6BLfsqCCd8kXWPfgCQjbBN,0.733,0.588,6,-9.306,1,0.0802,0.494,9.28e-06,0.0837,0.452,90.028,247980
58ChbtfVLkilvYti561gck,0.793,0.398,1,-12.052,0,0.0556,0.422,0.00337,0.123,0.151,117.989,188288
1r03A3l9m1XWR9iGFuGQbe,0.843,0.417,9,-8.114,1,0.325,0.715,1.75e-06,0.577,0.445,71.007,162029
6NVLrwKcCG6bITFPg4euT2,0.771,0.408,5,-11.53,0,0.0505,0.265,6.52e-05,0.0862,0.534,109.979,222545
3tdh8kN8p9vPPEFVidIYur,0.906,0.339,9,-12.729,0,0.0668,0.245,2.93e-05,0.0863,0.666,115.003,167375
5nQBfL9XW03WYp22NDXUb4,0.756,0.417,7,-12.34,1,0.0302,0.361,0.000436,0.106,0.462,132.007,241818
0vM10ii2v5wofXfOvxRqJQ,0.715,0.44,10,-9.488,1,0.193,0.639,0.0,0.114,0.636,81.007,255060
3YaEFxr5iAz1qc2JlUh3SN,0.737,0.527,6,-13.772,0,0.0857,0.589,0.0,0.124,0.425,100.074,237600
3L9rTnMdVeqX3CqAaGQh4E,0.684,0.471,0,-9.995,1,0.0401,0.403,2.96e-05,0.113,0.247,127.026,188976
7BrDZbId5h2w6G89tOmtTb,0.732,0.571,0,-7.224,1,0.468,0.775,0.0,0.102,0.269,91.754,219097
5zXPbpgwjNCzGzbCcRZlOi,0.878,0.383,4,-13.488,0,0.0514,0.0331,0.0147,0.0619,0.788,91.997,175282
0KeZ6mv7rL5wfF7TuxSUdk,0.785,0.647,11,-6.577,0,0.0785,0.722,5.03e-05,0.102,0.505,106.072,223585
2tLh3thrGM3g3TCNWsFxHd,0.684,0.56,9,-6.024,0,0.1,0.712,0.0011,0.118,0.609,127.785,247637
2BtTENfALeEbbmKcmPTjEy,0.753,0.63,9,-9.43,1,0.171,0.491,1.8e-05,0.0796,0.22,100.067,201894
211fgtsRQWZkjcLWmwhwDH,0.717,0.551,9,-7.874,1,0.0421,0.127,1.5e-05,0.438,0.761,139.979,193747
6ZvSJXFvvOnw58HWL3NLcm,0.613,0.417,9,-9.921,0,0.0568,0.723,0.000186,0.0752,0.576,80.756,224453
1ES5vmVyAXhHGrOBA5fHj0,0.824,0.359,7,-14.38,0,0.0607,0.765,0.000165,0.11,0.389,125.022,262175
5M4A6NDpxFt6AlWCKX3pkh,0.835,0.496,9,-7.439,0,0.0976,0.612,0.000186,0.134,0.712,104.991,217287
4X5uzkOIMIbbrAg9hp6pPd,0.775,0.547,5,-3.954,0,0.139,0.14,0.0,0.226,0.75,88.077,268021
7mEy2486tJWzMYevgf6oLe,0.824,0.359,7,-14.38,0,0.0607,0.765,0.000165,0.11,0.389,125.022,262175
6deBk1BSZkEO7WxvXKnqOZ,0.7,0.404,1,-10.971,0,0.0537,0.51,0.00307,0.153,0.124,96.999,240013
0O3ckr8uB4OKNuDbL999GM,0.461,0.697,6,-7.634,1,0.0816,0.152,0.0,0.117,0.321,115.272,155372
6gkPrN8UwsZTlqwmUybybm,0.735,0.726,2,-6.02,1,0.0375,0.0326,1.78e-05,0.0944,0.765,160.022,161144
4wbX7uvconeFykNzuqrHOx,0.677,0.443,0,-10.064,1,0.0641,0.598,0.0,0.126,0.491,90.022,200467
1XVpHoDOMBTrUxq7cdEwgM,0.774,0.35,8,-11.705,0,0.144,0.784,0.00834,0.149,0.386,100.063,252000
0daJYm6XQNjKKiIrddULNH,0.557,0.518,0,-8.539,1,0.0485,0.383,1.08e-06,0.14,0.524,89.846,221000
1ttQjQRzVG2fitzOTRKlqp,0.715,0.641,11,-5.452,1,0.332,0.589,0.0509,0.119,0.722,163.958,156611
7i7N94FGh8jkUnBQ3YQ9eg,0.837,0.663,2,-5.857,1,0.0761,0.0585,3.89e-05,0.229,0.373,80.013,163500
0Q5CbkQzDlJO5zJ617D65g,0.805,0.25,10,-9.96,0,0.0459,0.151,0.0,0.11,0.281,106.024,183396
2rWf50ROGXw8ttmOiXn4Zb,0.817,0.304,10,-12.497,1,0.0481,0.65,0.000352,0.135,0.427,97.979,235102
2vkkyHrzmzDBpwD2oNtsb8,0.756,0.336,4,-13.091,0,0.173,0.908,0.174,0.108,0.0903,123.037,176659
3Sgw2arDiMeDRWwXF6n0Fg,0.807,0.491,0,-8.716,1,0.0449,0.559,0.0,0.0921,0.381,113.968,262130
58Y3alAZ4Z2zJGFJiyT9CX,0.804,0.553,11,-9.887,1,0.106,0.47,0.209,0.135,0.575,74.028,217297
6REJp8MTDJ5gv2MRkHNmtN,0.736,0.593,1,-7.194,1,0.0667,0.347,0.0,0.106,0.57,96.011,172500
52DeLg0Cz7xRuV5KdOISCv,0.762,0.551,3,-7.723,0,0.0686,0.267,0.000202,0.116,0.626,76.009,205263
7rRpt0FcGdDxyhiFcSlswH,0.812,0.557,6,-6.577,0,0.0623,0.181,0.000118,0.164,0.577,142.921,187973
29W7TPj2GAwipDZ26Zs4Ai,0.771,0.314,9,-14.101,1,0.062,0.404,1.93e-05,0.089,0.673,90.01,217007
6dWMuGuWDe8OoU0LLTpFsw,0.661,0.672,11,-8.948,1,0.0415,0.69,0.000102,0.131,0.308,145.035,229254
4WfmQPYN9ETVxGYAbAtSIQ,0.709,0.444,1,-8.81,1,0.0323,0.0464,0.0,0.459,0.491,102.003,216477
3ERHkuuL0oIcOtTCvByQfE,0.641,0.575,10,-9.8,1,0.0295,0.166,0.0,0.104,0.169,115.009,258783
3hLYuPClqR9NNLsHgvyiBm,0.802,0.253,8,-9.464,1,0.0403,0.739,0.0,0.0708,0.571,109.989,165830
5L3wczhYN1RqBgbbSc61AN,0.712,0.728,9,-4.225,1,0.0335,0.104,0.0,0.0926,0.25,130.161,184615
3oSu6uIHuwZOTyHdAZGojm,0.686,0.52,2,-11.427,1,0.069,0.501,0.0,0.224,0.1,109.927,198888
3PyoTeRzjYJtkaR3FiTJ71,0.696,0.497,1,-10.199,1,0.0446,0.0903,0.0,0.0952,0.294,96.976,218582
70DQ5BLNKUMoeyBve5E1nW,0.811,0.498,8,-7.707,1,0.0832,0.77,0.00301,0.106,0.603,86.026,194651
7IxZrtE0lrlqLrAYfEKI4n,0.901,0.447,6,-8.122,0,0.111,0.563,0.0,0.0884,0.886,102.041,170104
0hr2Itwh84Zn3PiRRjHTnw,0.805,0.323,0,-11.158,1,0.0517,0.812,0.0167,0.109,0.605,119.953,162000
3a2Cj8MKGFkN8kSt95aWRR,0.7,0.645,10,-6.754,1,0.0751,0.0211,0.0,0.156,0.656,90.995,280879
0szRYVD2MwFzQMs58PT1Ec,0.808,0.398,7,-9.746,0,0.0492,0.289,0.000257,0.142,0.939,116.985,194476
1V8rqenAYdSJby3TfJL7sW,0.663,0.56,0,-9.914,0,0.253,0.022,4.1e-06,0.0797,0.491,81.957,227000
09JUZBFzXvcJBOHUEr1xwm,0.754,0.333,7,-12.71,0,0.0828,0.632,3.87e-06,0.102,0.232,98.035,220452
10BtDxfJOArEZUDuvwOh7h,0.528,0.519,9,-6.308,1,0.025,0.664,0.0,0.072,0.288,140.603,196693
4aD5i2sgbsAbSubI8cnr2p,0.593,0.51,0,-8.338,0,0.0329,0.282,0.000877,0.219,0.5,79.271,215333
062z5ZMd0a0snMBZ75tOco,0.589,0.626,11,-7.483,0,0.149,0.465,4.16e-06,0.204,0.598,155.223,239000
68mEGNswpkIWu7TK6QJabn,0.794,0.252,2,-14.263,1,0.0546,0.35,2.71e-06,0.0825,0.718,77.005,235122
1hkvWAHHWJslObD16ug4Nx,0.65,0.446,2,-7.079,1,0.0325,0.196,0.0181,0.059,0.725,155.992,287427
2mp4O7yOCZcA0VXjdYOkmg,0.529,0.512,9,-10.11,1,0.0473,0.644,0.0,0.0852,0.498,129.167,299067
6Wbvl5N39iGEIrEb5lCCYz,0.472,0.558,9,-9.003,1,0.127,0.81,3.53e-06,0.085,0.242,77.384,323187
5ScYdytsbewDza1O2Adgis,0.587,0.475,2,-11.459,1,0.0346,0.161,0.00188,0.119,0.182,91.942,370080
1qtbdAOgVrawdpRHwb9IZC,0.688,0.405,5,-10.052,1,0.0426,0.746,0.000125,0.377,0.638,135.983,245747
0ZCCbW4Aym7b5QdQUKfVdv,0.673,0.618,7,-7.79,1,0.0314,0.0126,9.83e-06,0.122,0.645,132.426,210427
7zCrMKfWqhFynX0nXbiCK2,0.778,0.535,0,-9.462,1,0.0326,0.651,0.000162,0.253,0.863,95.094,179267
6sxg4O8Nsiq9NuAiBbL3Nr,0.5,0.371,7,-10.212,1,0.0376,0.783,0.00405,0.138,0.279,114.976,225640
5ap6NICBpwgD96OTMqmiSU,0.528,0.37,9,-8.112,1,0.0298,0.773,0.000455,0.135,0.292,75.721,256120
0Qra8Ps4tJAZPqRXyehCjc,0.582,0.506,4,-8.443,1,0.0274,0.269,6.4e-05,0.0994,0.464,93.34,241147
42LotTOpEfngkjuzHH3vme,0.353,0.338,4,-15.052,1,0.0393,0.764,0.00353,0.138,0.384,169.05,195707
1xBT5LOnkm5k86PECE0Vu6,0.607,0.803,11,-5.991,1,0.0269,0.0373,3.56e-06,0.107,0.827,135.414,230333
65qee5VaBdavyP76V47Wr2,0.585,0.694,9,-6.26,0,0.0278,0.25,1.96e-06,0.447,0.478,122.953,214599
1PUWUlqe6m5HqX754lN3Bs,0.425,0.658,9,-6.739,1,0.0349,0.355,1.99e-06,0.0836,0.293,122.366,265476
3I572cT9kECh41bZz2xPhy,0.325,0.413,7,-7.936,1,0.0366,0.291,2.96e-06,0.0689,0.289,165.959,291984
3rheINeddqah49dElHlqbZ,0.475,0.704,9,-5.441,1,0.0508,0.471,0.0,0.0598,0.488,120.485,217536
6VqZS3Wmf53pbfDBVEYvnP,0.283,0.281,11,-11.414,1,0.035,0.437,0.00114,0.102,0.127,79.919,303937
4wJ5SjIkViEQEu95U8oyLt,0.356,0.339,5,-10.893,0,0.0369,0.508,3.28e-06,0.355,0.287,74.975,226728
24ngpWhBOxKJtIPnzSNX8c,0.465,0.592,4,-4.905,1,0.0293,0.0208,1.51e-06,0.0929,0.117,139.867,343018
6GIzDc4xBUeYHwubWwTrhC,0.45,0.648,10,-4.516,1,0.0308,0.132,2.37e-05,0.11,0.282,144.814,282094
3Qa2JS1RJGQFyIu1qmALjw,0.312,0.785,6,-3.379,0,0.0317,0.0378,0.0,0.35,0.438,83.564,250813
4yLc803i7qcWx4V2piWPH5,0.523,0.699,11,-4.689,1,0.029,0.061,0.0,0.363,0.283,131.878,278182
3WUz3uO5sEywvaSYNz9udQ,0.445,0.0246,9,-25.663,1,0.0399,0.938,0.000587,0.221,0.291,80.776,211006
14vbd4xWTWo0w3UJdABCYb,0.637,0.438,6,-9.731,1,0.0519,0.251,0.0,0.0552,0.666,83.003,191202
04ldhfKQYUZKBCg1TcdoAU,0.572,0.282,5,-14.897,1,0.038,0.836,0.0,0.115,0.38,76.485,222109
23pURM1bccelxmpg6hnCro,0.848,0.637,10,-6.831,0,0.0422,0.15,1.13e-05,0.146,0.912,120.004,217788
5RFHiLHCt7dDgKfCAdD5vj,0.836,0.531,10,-8.871,1,0.0584,0.217,5.43e-05,0.074,0.965,124.007,232761
652CegYwXhnFnVz3SgGzTO,0.688,0.853,5,-6.678,1,0.0715,0.0344,0.0,0.388,0.512,105.05,242790
3jAwK8aaVbzvV5mGAIDKCf,0.674,0.554,11,-8.283,1,0.0304,0.477,7.02e-05,0.112,0.414,119.937,201147
18ogtQoqULXr4eVNwsXlcy,0.614,0.407,7,-9.544,1,0.0284,0.802,0.0,0.198,0.372,82.542,188387
3SyrcgbxVOmLnvtcfnEKf9,0.368,0.678,3,-7.646,1,0.036,0.33,0.0,0.222,0.584,151.063,265587
4gUrDNbKHDUpfaX4sHVYsI,0.39,0.864,4,-4.673,1,0.0391,0.00172,7.5e-06,0.136,0.336,88.937,265667
6ipu0NJW6CpYZjHnUo1xxS,0.457,0.244,4,-15.52,1,0.0735,0.907,0.000608,0.0925,0.396,107.196,383704
0MDI5AnC24Vns2kToH4iM9,0.639,0.81,9,-6.677,1,0.0435,0.0292,0.0,0.113,0.48,135.035,298791
5KoE6YC2zs6Xo9irRTkFhx,0.414,0.75,2,-7.594,1,0.0275,0.012,0.00154,0.0632,0.299,90.054,279003
0mUfY2PdHs57EG15zj1dRj,0.569,0.823,0,-2.785,1,0.0271,0.00193,0.00703,0.215,0.623,139.988,320573
1DFNVxtjQy2kidJnQJs22X,0.613,0.748,11,-3.911,1,0.037,0.0515,0.000416,0.171,0.637,120.01,264253
4MESp8POa4gwVpNWo7mPSk,0.768,0.327,9,-9.063,1,0.0322,0.473,0.0268,0.348,0.3,119.995,341987
21gD3c0BUpor0wkpagps6R,0.63,0.585,2,-8.581,1,0.04,0.00393,0.0,0.0749,0.794,123.99,216387
0YyM8aEdbjGfLWPn6fdcn7,0.696,0.262,11,-15.073,1,0.031,0.519,0.0,0.0669,0.265,84.007,241030
29xs643Q96uQLD8f7SxYYw,0.567,0.0896,5,-12.944,1,0.0343,0.796,0.0,0.218,0.367,79.002,253360
4r7vGTk9HCW7YDorNWoclF,0.69,0.526,9,-9.939,1,0.0319,0.261,0.000233,0.113,0.608,116.076,240360
7ys0nIOI7CN7U6rWitFMTW,0.3,0.46,2,-5.527,1,0.0275,0.393,0.0,0.0682,0.202,147.364,358840
4MD1cJDScbGTpNINWjJuhL,0.346,0.46,9,-7.233,1,0.0329,0.291,5.01e-05,0.125,0.214,125.896,348933
5o0yg58LX1kXPXfuEKv46S,0.403,0.747,3,-4.33,1,0.0428,0.0075,0.0,0.273,0.397,160.479,274907
2fLL9lFVduAN0QHgbQ5oSV,0.414,0.525,6,-7.549,1,0.0292,0.506,0.000332,0.132,0.177,148.283,212693
7K6eh0AbHofKGzQ0qr4iUN,0.538,0.423,11,-9.764,1,0.0732,0.348,0.0,0.0731,0.505,170.053,246880
4e0rMS4w6Ssim4K4W11J8I,0.821,0.186,11,-14.572,0,0.0598,0.663,0.0,0.0513,0.486,113.096,193507
1jImST6hhs1EV45p78RBpM,0.306,0.494,9,-7.748,1,0.0287,0.0211,0.0,0.0972,0.161,157.224,235707
4rmxojAE3CI7vuIvKVBCkT,0.492,0.66,4,-6.287,1,0.0262,0.00434,0.0,0.126,0.176,84.068,249627
7cHycXGo5HnVQ5NkI3dLWK,0.65,0.601,8,-9.131,1,0.0265,0.135,0.000778,0.294,0.63,108.016,218984
553ahz6zeM6znoepcrEGhQ,0.707,0.479,8,-6.256,1,0.0333,0.0381,6.15e-06,0.222,0.402,123.043,332017
57SGNDTRH3UeQ22qbrS4fH,0.556,0.524,4,-7.181,1,0.0313,0.508,0.0,0.106,0.31,134.367,289453
6CHpr3pY2MbJ5y1076UDnI,0.424,0.221,4,-9.279,1,0.0351,0.882,0.0,0.134,0.299,125.964,328533
3H74L29kR0eS6wVhnP4KrE,0.596,0.479,4,-6.49,1,0.0338,0.344,0.0294,0.072,0.358,75.098,286995
4aUf4lzQ1di5JajZ4a9FuI,0.286,0.391,2,-5.8,1,0.03,0.359,0.0,0.18,0.218,174.858,269584
6M21eWbEw74XDdoQsNIinq,0.374,0.125,7,-14.847,1,0.0383,0.852,4.66e-06,0.321,0.108,114.694,254250
0ztDBQdQmdVZvorSmIjMih,0.566,0.121,8,-8.206,1,0.0345,0.862,0.0,0.0788,0.293,135.268,260240
2vVW17crZs4KInids0h9SE,0.701,0.312,9,-7.707,1,0.0261,0.631,2.14e-06,0.11,0.166,130.159,272600
32bk0A84NyGv70LfMsIdh3,0.724,0.487,2,-11.166,1,0.0428,0.0195,1.34e-06,0.0475,0.633,127.084,249520
402jy1KEfNQgyGJTTslu4v,0.277,0.588,7,-6.552,1,0.029,0.06,0.0,0.195,0.323,151.004,321667
3pGeMszs8vgG4osWUTMEk9,0.322,0.482,6,-9.407,1,0.0295,0.604,0.0,0.111,0.399,150.017,280547
2mn5o4dC90qh40fCH1VVR9,0.673,0.481,9,-8.369,1,0.128,0.401,0.0,0.162,0.74,84.907,205305
7KxZuKGOXYUT7Zyct91xma,0.373,0.313,9,-10.275,1,0.0287,0.682,1.61e-06,0.114,0.333,73.178,218427
67Tw5ABy38iNp3hEpLptdX,0.749,0.602,11,-6.922,1,0.0631,0.484,0.0,0.0897,0.629,133.957,201813
0Vmk6Ebk4QBq7r0VAz2a6s,0.668,0.48,10,-5.469,1,0.0284,0.549,0.0,0.112,0.277,119.903,245587
7vn7nUTvPTz81VbFtH5FeQ,0.48,0.302,9,-9.586,1,0.0341,0.756,1e-06,0.107,0.134,114.871,228179
4wIlE0wVdqBi1tFGuSAx03,0.497,0.373,7,-10.405,1,0.0369,0.798,0.00193,0.15,0.295,111.969,225698
5V2AX2WTOHl2FKtftvisV6,0.662,0.529,2,-8.539,1,0.0351,0.341,0.000208,0.105,0.424,127.584,243015
0gP4VAQAkE2CJEFggGKsPn,0.634,0.307,9,-10.852,1,0.0451,0.663,0.0,0.149,0.677,117.341,150307
3kZi2PG0V1KOvHuZ41UweT,0.446,0.456,2,-6.828,1,0.0339,0.258,0.0,0.145,0.398,106.639,282347
4iINeNmWub1EoHArvw2y0K,0.414,0.231,2,-10.212,1,0.0304,0.887,0.0,0.123,0.284,135.835,243531
0mqJsNkF3MRtBkRhzVskVX,0.516,0.31,4,-12.113,1,0.0279,0.565,0.0,0.113,0.33,128.862,239364
6sYfXrcec3TvnQQRjH3i7V,0.741,0.536,0,-6.954,0,0.0292,0.579,5.24e-06,0.166,0.407,107.024,192897
2LZm5lAOpp9PMHgbQOYUNJ,0.485,0.583,5,-10.965,1,0.0343,0.118,5.04e-05,0.406,0.484,120.085,235000
2qzxrN2smGeL33tBVs1TOP,0.369,0.228,7,-11.147,1,0.0288,0.67,0.000393,0.167,0.161,129.018,271600
74jVIbukOhR0Am7YXKiJMM,0.448,0.51,0,-8.046,1,0.0289,0.694,0.0,0.188,0.325,155.88,260638
3pSFjHLjE3RB9CLE8JrqC4,0.621,0.601,6,-6.835,1,0.028,0.152,5.5e-06,0.0977,0.504,137.081,213640
0s94Uvqb2VpofYHa5ia5TW,0.286,0.542,2,-5.752,1,0.0375,0.327,0.000347,0.102,0.228,151.877,231866
2QCclKN3S3hWdq3emjWpQQ,0.538,0.539,1,-6.49,0,0.027,0.522,0.0,0.107,0.194,113.332,239160
632JUvf30LG7QyNGq9CLGr,0.689,0.745,2,-3.955,1,0.0293,0.022,0.0,0.0633,0.497,124.961,223387
1pPNAa4IISXg1QY0ZEveRD,0.644,0.709,1,-6.596,1,0.0574,0.493,0.0,0.36,0.75,163.179,205200
4QbJjJiHz3p3dYK2HwXqLP,0.499,0.479,1,-6.413,1,0.0264,0.161,2.09e-05,0.0608,0.132,75.298,252680
1xixJwhW5UOOnXpN7GNsPg,0.642,0.845,3,-5.144,1,0.0261,0.0778,0.0,0.255,0.837,120.008,214046
4TEeQqtCN2Ox4Ff7rlbtYx,0.412,0.87,2,-3.062,1,0.0427,0.00818,0.0,0.396,0.392,147.926,289480
5Pgssd39LAfVsR9gvUVwU7,0.479,0.463,5,-9.127,1,0.0318,0.773,0.000478,0.0942,0.359,73.816,258041
2EcDqJGlgodoLW0l9EnWa5,0.47,0.399,1,-10.174,1,0.0293,0.0898,4.65e-06,0.0809,0.206,139.929,251571
6Cxj7ww8DDqkrFHT93So1p,0.613,0.468,0,-10.994,1,0.0348,0.404,0.0,0.197,0.534,105.935,217075
076u5BInS1j1pb9QbPfLfV,0.523,0.641,3,-5.374,1,0.0522,0.103,0.0,0.0847,0.592,90.943,292320
5ZPlhCh8KnB0bEnElxm1Et,0.512,0.465,2,-9.264,1,0.0237,0.0765,1.3e-06,0.149,0.418,82.404,240320
04qDUASuSfVp6fktfsxVej,0.461,0.522,11,-7.513,1,0.043,0.36,0.0,0.123,0.446,157.768,233728
1EEsKj8lQKZwaFXJ5GFsdk,0.652,0.266,7,-11.453,1,0.0264,0.874,0.00523,0.0974,0.28,92.993,228005
0V9rj37SqxF06EOV809odq,0.544,0.781,8,-4.86,1,0.0352,0.00781,8.38e-05,0.132,0.422,124.869,254000
6RUEFRLol05iSCzQaCHNK5,0.634,0.34,2,-10.694,1,0.034,0.354,0.0,0.0962,0.413,136.146,202941
6AfbCoGCzurN5XZq9Cs31N,0.645,0.723,5,-2.714,1,0.027,0.103,0.0,0.113,0.588,114.025,188040
1KKIsW5U8V85UNIadfjbWb,0.545,0.374,5,-9.689,1,0.0305,0.716,0.0,0.124,0.287,141.155,275028
6cHAtW00P6dnQYvJRPTbkA,0.515,0.492,8,-6.895,1,0.0322,0.616,0.0,0.122,0.337,77.86,200200
2JEPz4bH3WNCvjz9rmZrpZ,0.375,0.358,7,-8.531,1,0.026,0.582,2.56e-05,0.0647,0.177,71.755,241588
4vAYg1rLGyJiXUiU5LMdg3,0.512,0.693,0,-4.927,0,0.0296,0.00783,0.000882,0.106,0.405,94.01,177540
7A3polZVo6cZW3CcrMGFvn,0.461,0.781,7,-7.377,1,0.0528,0.00895,0.000791,0.105,0.367,120.392,226022
2E1nG0Up60GG4mqx6NLUCL,0.673,0.222,7,-11.965,1,0.0433,0.869,0.0,0.13,0.343,125.757,218268
3JQJW9oVjTZcrpV0PPxaYm,0.634,0.589,8,-11.291,1,0.0333,0.211,0.0163,0.264,0.626,127.037,250000
6jcaMepbIb6feaW1huiScm,0.537,0.575,5,-4.184,1,0.0462,0.512,0.0,0.204,0.672,172.054,262387
7LmPBkCjXKKxUOJRQuvtu1,0.507,0.337,6,-8.426,1,0.0337,0.704,0.0,0.0829,0.226,129.862,230832
3pCt2wRdBDa2kCisIdHWgF,0.668,0.727,7,-6.55,0,0.027,0.514,1.9e-05,0.1,0.939,139.991,344571
2Zfjp9ZzccGoVOWvxi4fwz,0.624,0.188,9,-11.476,1,0.0369,0.911,1.24e-06,0.27,0.269,124.303,235038
5DAVHXdtJfSoz2uyPyzZUo,0.527,0.423,1,-9.88,1,0.0432,0.0797,0.0,0.085,0.524,76.807,196364
3DzPFRtIKpCTeeejl0wcja,0.785,0.403,11,-9.555,0,0.0301,0.476,8.21e-05,0.09,0.692,120.0,216130
35unzCfhT0U4gYcCgdf9DX,0.734,0.413,7,-8.973,1,0.0316,0.0984,0.0,0.28,0.68,105.98,235472
0RwDxYyETCfTaSGeJumGeL,0.794,0.177,1,-9.934,1,0.0348,0.649,0.0,0.109,0.379,124.012,295505
2wmbk7U26XVNsS89UUffe5,0.67,0.653,9,-9.575,0,0.0723,0.141,0.0,0.105,0.285,81.961,175675
4SesSGKwB589XJGeB6BJWH,0.888,0.551,7,-7.508,1,0.0792,0.348,6.05e-06,0.0902,0.847,127.939,175786
2axSXMLQxRlru2cyP7yqD8,0.776,0.103,0,-12.314,1,0.0365,0.825,0.0,0.182,0.302,105.086,215075
3YaKDCOO28ZzQh059eAgdt,0.497,0.213,7,-14.09,1,0.0389,0.576,2.65e-06,0.367,0.196,131.172,277000
1QTbqyrFjqplGRZeNW1R0A,0.719,0.457,9,-9.246,1,0.0463,0.677,1.95e-05,0.0687,0.557,126.014,262857
22Nd3GuO7sHopPjdKccRcq,0.48,0.299,7,-12.077,1,0.0525,0.838,0.0,0.133,0.196,121.75,158677
3v8EvCxPcfwlStnCKtlzfi,0.551,0.696,2,-3.672,1,0.0296,0.0135,0.00309,0.0949,0.342,90.008,261375
5CHxZuUwZqeK7WU4fAQ0ub,0.676,0.259,6,-12.127,1,0.0598,0.801,2.36e-05,0.115,0.314,75.031,204693
1tduDVVOuweAY6bUsNWxwa,0.696,0.31,8,-10.884,1,0.0364,0.31,1.04e-06,0.217,0.219,139.936,183293
0i1L1kVFgXmxx4oOJ8gnCf,0.563,0.799,2,-4.599,1,0.0358,0.529,0.000241,0.28,0.469,140.045,255857
2l4ZBEYH67RwM66z0whkAI,0.5,0.596,11,-5.771,1,0.0328,0.47,0.0,0.107,0.656,87.9,222273
4LBCCdHfmHm9NwerX6hvrz,0.405,0.335,8,-8.74,1,0.0284,0.96,0.000152,0.191,0.343,122.842,238792
6xlrgkUrgMxkjK9y1LCRb1,0.475,0.394,7,-8.235,1,0.0458,0.788,0.00165,0.388,0.137,126.828,187843
5eTytSrtW2P1pchAEfSTta,0.413,0.771,10,-4.636,0,0.0307,0.00741,0.0348,0.093,0.369,93.034,241255
1lhm29o3syw122xynSKaAK,0.59,0.294,9,-8.125,1,0.0654,0.854,0.0,0.0873,0.461,87.895,211364
1JWKLPjQgGKBpjRMzidkhk,0.657,0.325,0,-13.032,1,0.0426,0.458,6.08e-06,0.0814,0.589,190.071,232579
2FNlShWesN6X6LXVTbvk5t,0.496,0.511,1,-6.735,1,0.0284,0.677,0.0,0.339,0.346,75.711,284063
2X4Hph3lYh9PAQ9AVJ6DvL,0.443,0.161,10,-15.649,1,0.0364,0.902,0.00555,0.0954,0.224,123.717,265953
4k2QXEOnL0epRAwFWJrqJZ,0.459,0.584,0,-6.378,1,0.0312,0.0148,0.0,0.0726,0.322,131.868,379805
7ArVzlFsFsQXNseVXmdOyk,0.758,0.674,6,-4.533,1,0.108,0.0903,0.0,0.0902,0.424,97.977,181224
0ZVXBU8LCG0HutT5Oa8eI4,0.769,0.602,9,-7.3,1,0.0312,0.0923,0.0229,0.0594,0.527,104.992,227723
1X6CvDSqNCsOy0h2pv9Yjd,0.675,0.504,8,-6.489,1,0.0435,0.0743,0.000142,0.111,0.617,74.951,260580
6C2JPPYodebs3deDBizyww,0.631,0.44,1,-10.714,1,0.0435,0.529,0.0,0.118,0.237,119.961,222500
0fSBuNmLlfkzulls16EA6T,0.621,0.413,4,-10.934,1,0.0693,0.755,0.0077,0.113,0.48,136.065,187059
4m1BwzoW25MUh7lFQeIMCM,0.653,0.434,3,-10.058,1,0.0335,0.762,1.81e-06,0.115,0.234,89.943,273333
1n94XVEMS40MCW52AyLGDs,0.596,0.182,6,-16.004,1,0.0378,0.903,0.0,0.0909,0.268,111.734,280714
2rTZjgC9zLLbo3y0asW8Ao,0.631,0.473,6,-9.648,1,0.0348,0.614,0.000435,0.193,0.252,120.008,247906
4lZlcXfH4YK7ZSGJANsBhY,0.344,0.648,2,-5.923,1,0.0347,0.0958,0.0,0.186,0.272,138.118,309000
20JlaQj9irFjFb8X0SKKS7,0.542,0.392,1,-8.135,1,0.0355,0.605,0.0,0.0798,0.185,140.006,263720
4f3fDArKdDAjQeqgNq5TEB,0.414,0.579,7,-6.842,1,0.0316,0.166,0.0,0.118,0.452,78.757,294022
0AHsckTyaPoefEG6Nkd0E9,0.721,0.578,11,-7.142,1,0.0386,0.202,0.0,0.109,0.499,121.876,231404
3Wc4qBRm3Bs6IYWP9Lb8c8,0.432,0.699,9,-5.478,1,0.03,0.0932,0.0,0.151,0.236,139.957,284947
1mJbwP2syhKCz0b84oNdOn,0.562,0.462,4,-5.734,1,0.0259,0.769,0.0,0.104,0.25,140.456,372560
14pj36HKHd6c72njvGVPWU,0.608,0.417,7,-10.341,1,0.0276,0.645,6.69e-06,0.128,0.142,127.976,246667
4z2geuRPJJBlJ4V8C9NgZx,0.539,0.722,7,-2.374,1,0.0271,0.319,1.87e-06,0.244,0.384,139.733,234813
3Q6DKhEtaassSjl62Q3EAz,0.211,0.467,9,-8.493,1,0.0306,0.379,2.92e-06,0.12,0.173,73.073,336640
6pz4tdLoIDJdnpXnisSDCK,0.489,0.57,2,-9.197,1,0.0364,0.132,1.39e-06,0.274,0.643,134.486,352120
0I5Z0p0cLWdyJNC6sqMTwD,0.367,0.428,8,-12.259,0,0.0308,0.562,3.23e-06,0.229,0.538,170.722,326658
2Dc42FhY3f8oPCCWuRnvWL,0.363,0.548,8,-5.998,1,0.0269,0.358,0.0,0.173,0.518,160.734,291507
4N4SnTk6rQbLAcARYnjGD9,0.5,0.343,7,-7.367,1,0.0261,0.702,0.00114,0.113,0.155,136.28,242848
0JYJu5TaqjPkZjpfMXHZjW,0.635,0.583,4,-8.289,1,0.0265,0.289,0.0,0.0551,0.584,129.089,293507
1fC1SqMiHjGbyyx3HerSWu,0.512,0.421,4,-9.376,1,0.0607,0.662,5.34e-05,0.0996,0.356,123.025,586053
3uIJtRUcS9pWirc2ghCjxa,0.498,0.502,10,-8.027,1,0.0274,0.7,0.00501,0.187,0.31,152.462,248733
0HZ3OUVrGHxttD2EuHqRm3,0.558,0.553,4,-6.669,1,0.0323,0.492,0.0,0.116,0.251,134.263,291358
6s97fltVQXax4ZFkZJdGdP,0.235,0.519,11,-5.691,1,0.0341,0.588,0.0,0.118,0.0909,171.38,309067
6Y6YLoOlzNez1h3D7iwS72,0.435,0.679,11,-6.707,1,0.0518,0.276,0.0,0.11,0.409,80.938,270707
49pOQUAKwPvjUqQxrZTKfq,0.621,0.651,11,-6.78,1,0.0315,0.00503,0.0,0.106,0.71,79.992,223987
5S5M1oItQTUjJHtliGK3T6,0.502,0.693,9,-4.567,1,0.0378,0.00143,8.09e-06,0.484,0.342,137.941,275267
2jKpbNu2UuhRSvEjpBEpxP,0.608,0.743,7,-4.491,1,0.0268,0.0151,0.00235,0.166,0.445,115.009,220280
7IOhHRFxTZZ4CQjBvESowE,0.554,0.525,11,-7.829,1,0.0267,0.00474,0.000141,0.0995,0.282,79.996,289587
3zuJmBQozBPx6KRlfCNUPQ,0.353,0.316,2,-8.324,1,0.0284,0.0922,2.06e-05,0.0768,0.316,173.887,246280
4pFap8jxyxyVUzl3eXyUxL,0.614,0.384,0,-6.13,1,0.0274,0.682,0.0,0.26,0.17,129.891,307846
35sJB994fhbchpJa03ydKi,0.307,0.488,7,-7.602,1,0.0389,0.142,9.38e-05,0.11,0.179,141.842,307057
7Do5T0DiWCI3NF55FvXdOo,0.578,0.328,2,-7.463,1,0.0299,0.564,5.32e-06,0.149,0.263,120.814,281145
7l77r7rGqag5Y6gL2Oz6Lx,0.29,0.933,9,-4.246,1,0.179,0.148,1.9e-06,0.146,0.383,169.507,325280
2Pelm9xgLSC78mRk0jbOKb,0.751,0.281,9,-9.282,1,0.0429,0.743,0.0,0.26,0.386,124.89,319608
6kd4ndAtdYEEfBT99OKlK7,0.713,0.781,4,-5.516,1,0.0387,0.665,0.000511,0.245,0.758,97.94,227787
6sOszLxsF0JhD4ICSy690k,0.794,0.795,1,-8.615,0,0.0891,0.774,2.49e-05,0.0542,0.965,119.996,170173
47VKiNedFU3EGKYGbZF7Hz,0.377,0.899,11,-3.735,1,0.191,0.228,0.0,0.263,0.77,95.151,174747
5jedEYW9s8hT9jqLbBeloY,0.578,0.977,7,-5.743,0,0.0716,0.727,0.0,0.968,0.713,122.436,209907
0DgmFkzTdM3hpH2WgheJ4b,0.483,0.554,9,-6.546,1,0.024,0.00792,0.0,0.415,0.213,84.966,280307
5eQCWiTUO87l1lerhlCIzs,0.628,0.433,9,-9.868,1,0.0232,0.294,0.398,0.332,0.344,96.017,335625
1Yd9vD5QKZTMA6yFxFuD1M,0.608,0.208,7,-11.526,1,0.0272,0.836,0.0,0.0893,0.307,79.947,277813
3nlgCrFRFZrDSZoJ4UaLRY,0.541,0.626,8,-9.031,1,0.0303,0.0953,2.85e-06,0.333,0.883,199.998,211359
14lHv6ALg1HB8aIqoHqvox,0.345,0.246,11,-7.883,1,0.0297,0.846,0.0,0.156,0.17,143.588,220277
7JHsx9J7zW5jOeen4OufUT,0.551,0.173,5,-18.25,1,0.0328,0.706,0.0015,0.112,0.408,169.89,320916
7CkuJEJMB0clk0HCBQd9rT,0.552,0.519,4,-8.451,1,0.0299,0.041,8.59e-05,0.134,0.275,138.91,301855
2jHHaNZrgt506zDAKlhQr3,0.407,0.197,4,-12.515,1,0.0269,0.744,0.00301,0.101,0.114,71.021,378000
7dNPk5IFBfOkrYXU7TH3iY,0.51,0.73,9,-3.649,1,0.0608,0.542,0.0,0.367,0.624,100.085,192000
0DdC92EziGIEN6j7kTCKQX,0.629,0.38,2,-8.072,1,0.0323,0.186,0.000407,0.0338,0.655,155.97,283826
2QIwQLJPZIb97myimS0HAu,0.649,0.245,7,-12.657,1,0.0307,0.527,0.0,0.194,0.192,125.729,215749
